Gene,Sample
ACADL,BD48
ACADL,BD54
ACADL,E7
ACADM,BD127
ACADM,BD139
ACADM,BD158
ACADM,BD163
ACADM,BD48
ACADM,BD54
ACADM,BD61
ACADM,E7
ACADS,BD117
ACADS,BD120
ACADS,BD126
ACADS,BD132
ACADS,BD139
ACADS,BD158
ACADS,BD160
ACADS,BD162
ACADS,BD163
ACADS,BD48
ACADS,BD50
ACADS,BD54
ACADS,BD61
ACADS,BD9
ACADS,BG1
ACADS,E7
AFMID,BD127
ALDH,BD117
ALDH,BD120
ALDH,BD126
ALDH,BD127
ALDH,BD132
ALDH,BD139
ALDH,BD158
ALDH,BD160
ALDH,BD162
ALDH,BD163
ALDH,BD48
ALDH,BD50
ALDH,BD54
ALDH,BD61
ALDH,BD9
ALDH,BG1
ALDH,E7
ALDO,BD61
AOC3,BD48
AOC3,BD54
AOC3,E7
APEH,BD120
APEH,BD126
APEH,BD132
APEH,BD139
APEH,BD160
APEH,BD162
APEH,BD163
APEH,BD50
APEH,BD9
APEH,BG1
ASRGL1,BD127
ASRGL1,BD61
ATP2C,BD120
ATP2C,BD126
ATP2C,BD127
ATP2C,BD132
ATP2C,BD139
ATP2C,BD160
ATP2C,BD162
ATP2C,BD163
ATP2C,BD50
ATP2C,BD9
ATP2C,BG1
ATPF1A,BD117
ATPF1A,BD120
ATPF1A,BD126
ATPF1A,BD127
ATPF1A,BD132
ATPF1A,BD139
ATPF1A,BD158
ATPF1A,BD160
ATPF1A,BD162
ATPF1A,BD163
ATPF1A,BD48
ATPF1A,BD50
ATPF1A,BD54
ATPF1A,BD61
ATPF1A,BD9
ATPF1A,BG1
ATPF1A,E7
ATPF1B,BD117
ATPF1B,BD120
ATPF1B,BD126
ATPF1B,BD127
ATPF1B,BD132
ATPF1B,BD139
ATPF1B,BD158
ATPF1B,BD160
ATPF1B,BD162
ATPF1B,BD163
ATPF1B,BD48
ATPF1B,BD50
ATPF1B,BD54
ATPF1B,BD61
ATPF1B,BD9
ATPF1B,BG1
ATPF1B,E7
BCP,BD117
BCP,BD120
BCP,BD126
BCP,BD127
BCP,BD132
BCP,BD139
BCP,BD158
BCP,BD160
BCP,BD162
BCP,BD163
BCP,BD48
BCP,BD50
BCP,BD54
BCP,BD61
BCP,BD9
BCP,BG1
BCP,E7
BDH,BD117
BDH,BD120
BDH,BD126
BDH,BD132
BDH,BD139
BDH,BD158
BDH,BD160
BDH,BD162
BDH,BD163
BDH,BD48
BDH,BD50
BDH,BD54
BDH,BD61
BDH,BD9
BDH,BG1
BDH,E7
BDH1,BD120
BDH1,BD126
BDH1,BD127
BDH1,BD139
BDH1,BD158
BDH1,BD162
BDH1,BD163
BDH1,BD48
BDH1,BD54
BDH1,BD61
BDH1,BD9
BDH1,BG1
BDH1,E7
BHMT,BD139
CARP,BD117
CARP,BD120
CARP,BD126
CARP,BD127
CARP,BD132
CARP,BD139
CARP,BD158
CARP,BD160
CARP,BD162
CARP,BD163
CARP,BD48
CARP,BD50
CARP,BD54
CARP,BD61
CARP,BD9
CARP,BG1
CARP,E7
CTH,BD117
DDAH,BD139
DDAH,BD61
DHFR,BD117
DHFR,BD120
DHFR,BD126
DHFR,BD127
DHFR,BD132
DHFR,BD139
DHFR,BD158
DHFR,BD160
DHFR,BD162
DHFR,BD163
DHFR,BD48
DHFR,BD50
DHFR,BD54
DHFR,BD61
DHFR,BD9
DHFR,BG1
DHFR,E7
DLD,BD117
DLD,BD120
DLD,BD126
DLD,BD127
DLD,BD132
DLD,BD139
DLD,BD158
DLD,BD160
DLD,BD162
DLD,BD163
DLD,BD48
DLD,BD50
DLD,BD54
DLD,BD61
DLD,BD9
DLD,BG1
DLD,E7
DPYS,BD139
DPYS,BD158
DPYS,BD163
DPYS,BD61
E1.1.1.1,BD117
E1.1.1.1,BD120
E1.1.1.1,BD126
E1.1.1.1,BD132
E1.1.1.1,BD139
E1.1.1.1,BD158
E1.1.1.1,BD160
E1.1.1.1,BD162
E1.1.1.1,BD163
E1.1.1.1,BD48
E1.1.1.1,BD50
E1.1.1.1,BD54
E1.1.1.1,BD61
E1.1.1.1,BD9
E1.1.1.1,BG1
E1.1.1.1,E7
E1.1.1.122,BD163
E1.1.1.122,BD61
E1.1.1.90,BD160
E1.1.1.91,BD127
E1.11.1.19,BD117
E1.13.12.4,BD139
E1.14.13.1,BD127
E1.14.13.1,BD61
E1.14.13.7,BD117
E1.14.13.7,BD158
E1.3.3.6,BD117
E1.4.1.4,BD117
E1.4.1.4,BD127
E1.4.1.4,BD132
E1.4.1.4,BD160
E1.4.1.4,BD163
E1.4.1.4,BD48
E1.4.1.4,BD50
E1.4.1.4,BD54
E1.4.1.4,BD61
E1.4.1.4,E7
E1.4.1.9,BD120
E1.4.1.9,BD126
E1.4.1.9,BD132
E1.4.1.9,BD139
E1.4.1.9,BD160
E1.4.1.9,BD162
E1.4.1.9,BD163
E1.4.1.9,BD50
E1.4.1.9,BD9
E1.4.1.9,BG1
E1.5.3.1,BD117
E1.5.3.1,BD139
E1.5.3.1,BD163
E2.3.1.37,BD61
E2.4.2.6,BD127
E2.7.7.65,BD127
E2.7.7.65,BD61
E3.1.1.102,BD48
E3.1.1.102,BD54
E3.1.1.102,E7
E3.1.2.20,BD127
E3.1.2.20,BD163
E3.1.2.20,BD48
E3.1.2.20,BD54
E3.1.2.20,E7
E3.1.3.1,BD120
E3.1.3.1,BD126
E3.1.3.1,BD132
E3.1.3.1,BD139
E3.1.3.1,BD160
E3.1.3.1,BD162
E3.1.3.1,BD163
E3.1.3.1,BD50
E3.1.3.1,BD61
E3.1.3.1,BD9
E3.1.3.1,BG1
E3.1.3.15B,BD120
E3.1.3.15B,BD126
E3.1.3.15B,BD132
E3.1.3.15B,BD139
E3.1.3.15B,BD160
E3.1.3.15B,BD162
E3.1.3.15B,BD163
E3.1.3.15B,BD50
E3.1.3.15B,BD9
E3.1.3.15B,BG1
E3.1.3.16,BD120
E3.1.3.16,BD126
E3.1.3.16,BD132
E3.1.3.16,BD158
E3.1.3.16,BD160
E3.1.3.16,BD162
E3.1.3.16,BD163
E3.1.3.16,BD50
E3.1.3.16,BD9
E3.1.3.16,BG1
E3.1.3.41,BD120
E3.1.3.41,BD126
E3.1.3.41,BD132
E3.1.3.41,BD139
E3.1.3.41,BD158
E3.1.3.41,BD160
E3.1.3.41,BD162
E3.1.3.41,BD163
E3.1.3.41,BD50
E3.1.3.41,BD9
E3.1.3.41,BG1
E3.1.3.48,BD117
E3.1.3.48,BD120
E3.1.3.48,BD126
E3.1.3.48,BD127
E3.1.3.48,BD132
E3.1.3.48,BD139
E3.1.3.48,BD158
E3.1.3.48,BD160
E3.1.3.48,BD162
E3.1.3.48,BD163
E3.1.3.48,BD48
E3.1.3.48,BD50
E3.1.3.48,BD54
E3.1.3.48,BD61
E3.1.3.48,BD9
E3.1.3.48,BG1
E3.1.3.48,E7
E3.1.3.5,BD117
E3.1.3.5,BD120
E3.1.3.5,BD126
E3.1.3.5,BD127
E3.1.3.5,BD132
E3.1.3.5,BD160
E3.1.3.5,BD162
E3.1.3.5,BD163
E3.1.3.5,BD48
E3.1.3.5,BD50
E3.1.3.5,BD54
E3.1.3.5,BD9
E3.1.3.5,BG1
E3.1.3.5,E7
E3.2.1.14,BD139
E3.2.1.14,BD158
E3.2.1.4,BD120
E3.2.1.4,BD126
E3.2.1.4,BD132
E3.2.1.4,BD139
E3.2.1.4,BD160
E3.2.1.4,BD162
E3.2.1.4,BD50
E3.2.1.4,BD61
E3.2.1.4,BD9
E3.2.1.4,BG1
E3.5.1.1,BD120
E3.5.1.1,BD126
E3.5.1.1,BD127
E3.5.1.1,BD132
E3.5.1.1,BD139
E3.5.1.1,BD158
E3.5.1.1,BD160
E3.5.1.1,BD162
E3.5.1.1,BD163
E3.5.1.1,BD48
E3.5.1.1,BD50
E3.5.1.1,BD54
E3.5.1.1,BD61
E3.5.1.1,BD9
E3.5.1.1,BG1
E3.5.1.1,E7
E3.5.1.4,BD117
E3.5.1.4,BD127
E3.5.1.4,BD132
E3.5.1.4,BD139
E3.5.1.4,BD158
E3.5.1.4,BD160
E3.5.1.4,BD163
E3.5.1.4,BD48
E3.5.1.4,BD50
E3.5.1.4,BD54
E3.5.1.4,BD61
E3.5.1.4,E7
E3.5.1.49,BD127
E3.5.1.49,BD139
E3.5.1.49,BD61
E3.5.5.1,BD127
E3.5.5.1,BD139
E3.5.5.1,BD163
E3.5.5.1,BD48
E3.5.5.1,BD54
E3.5.5.1,BD61
E3.5.5.1,E7
E3.5.5.7,BD127
E3.5.99.7,BD127
E3.5.99.7,BD158
E3.5.99.7,BD48
E3.5.99.7,BD54
E3.5.99.7,E7
E4.1.1.15,BD163
E4.2.2.10,BD120
E4.2.2.10,BD126
E4.2.2.10,BD162
E4.2.2.10,BD9
E4.2.2.10,BG1
E4.3.1.15,BD139
E4.3.1.15,BD162
E4.3.1.15,BD9
E4.3.1.15,BG1
E4.3.1.17,BD117
E4.3.1.17,BD120
E4.3.1.17,BD126
E4.3.1.17,BD127
E4.3.1.17,BD132
E4.3.1.17,BD139
E4.3.1.17,BD158
E4.3.1.17,BD160
E4.3.1.17,BD162
E4.3.1.17,BD163
E4.3.1.17,BD48
E4.3.1.17,BD50
E4.3.1.17,BD54
E4.3.1.17,BD61
E4.3.1.17,BD9
E4.3.1.17,BG1
E4.3.1.17,E7
E4.3.1.19,BD117
E4.3.1.19,BD120
E4.3.1.19,BD126
E4.3.1.19,BD127
E4.3.1.19,BD132
E4.3.1.19,BD139
E4.3.1.19,BD158
E4.3.1.19,BD160
E4.3.1.19,BD162
E4.3.1.19,BD163
E4.3.1.19,BD48
E4.3.1.19,BD50
E4.3.1.19,BD54
E4.3.1.19,BD61
E4.3.1.19,BD9
E4.3.1.19,BG1
E4.3.1.19,E7
E4.4.1.11,BD127
E4.4.1.11,BD139
E4.4.1.11,BD163
E4.4.1.11,BD61
E4.6.1.1,BD117
E4.6.1.1,BD127
E4.6.1.1,BD48
E4.6.1.1,BD54
E4.6.1.1,E7
E4.99.1.2,BD117
E6.3.5.1,BD127
E6.3.5.1,BD158
E6.3.5.1,BD48
E6.3.5.1,BD54
E6.3.5.1,BD61
E6.3.5.1,E7
FBA,BD117
FBA,BD120
FBA,BD126
FBA,BD127
FBA,BD132
FBA,BD139
FBA,BD160
FBA,BD162
FBA,BD163
FBA,BD48
FBA,BD50
FBA,BD54
FBA,BD61
FBA,BD9
FBA,BG1
FBA,E7
G6PD,BD117
G6PD,BD120
G6PD,BD126
G6PD,BD132
G6PD,BD139
G6PD,BD158
G6PD,BD160
G6PD,BD162
G6PD,BD163
G6PD,BD50
G6PD,BD61
G6PD,BD9
G6PD,BG1
GAPDH,BD117
GAPDH,BD120
GAPDH,BD126
GAPDH,BD127
GAPDH,BD132
GAPDH,BD139
GAPDH,BD158
GAPDH,BD160
GAPDH,BD162
GAPDH,BD163
GAPDH,BD48
GAPDH,BD50
GAPDH,BD54
GAPDH,BD61
GAPDH,BD9
GAPDH,BG1
GAPDH,E7
GCH1,BD117
GCH1,BD120
GCH1,BD126
GCH1,BD127
GCH1,BD132
GCH1,BD139
GCH1,BD158
GCH1,BD160
GCH1,BD162
GCH1,BD163
GCH1,BD48
GCH1,BD50
GCH1,BD54
GCH1,BD61
GCH1,BD9
GCH1,BG1
GCH1,E7
GDH2,BD158
GDH2,BD61
GLDC,BD117
GLDC,BD127
GLDC,BD158
GLDC,BD61
GLU,BD120
GLU,BD126
GLU,BD127
GLU,BD132
GLU,BD139
GLU,BD160
GLU,BD162
GLU,BD163
GLU,BD50
GLU,BD9
GLU,BG1
GLUD1_2,BD117
GLUD1_2,BD127
GLUD1_2,BD48
GLUD1_2,BD54
GLUD1_2,BD61
GLUD1_2,E7
GSR,BD127
GSR,BD158
GSR,BD61
GST,BD127
GST,BD158
GST,BD48
GST,BD54
GST,BD61
GST,E7
HIS7,BD48
HIS7,BD54
HIS7,E7
HPD,BD127
HPD,BD139
HPD,BD158
HPD,BD48
HPD,BD54
HPD,BD61
HPD,E7
IARS,BD117
IARS,BD120
IARS,BD126
IARS,BD127
IARS,BD132
IARS,BD139
IARS,BD158
IARS,BD160
IARS,BD162
IARS,BD163
IARS,BD48
IARS,BD50
IARS,BD54
IARS,BD61
IARS,BD9
IARS,BG1
IARS,E7
IMPL2,BD61
LACC1,BD117
LACC1,BD120
LACC1,BD126
LACC1,BD127
LACC1,BD132
LACC1,BD139
LACC1,BD158
LACC1,BD160
LACC1,BD162
LACC1,BD163
LACC1,BD48
LACC1,BD50
LACC1,BD54
LACC1,BD61
LACC1,BD9
LACC1,BG1
LACC1,E7
LIG1,BD120
LIG1,BD126
LIG1,BD127
LIG1,BD139
LIG1,BD162
LIG1,BD61
LIG1,BD9
LIG1,BG1
MAO,BD117
MAO,BD120
MAO,BD126
MAO,BD139
MAO,BD162
MAO,BD61
MAO,BD9
MAO,BG1
MPG,BD117
MPG,BD120
MPG,BD126
MPG,BD127
MPG,BD158
MPG,BD162
MPG,BD163
MPG,BD48
MPG,BD54
MPG,BD9
MPG,BG1
MPG,E7
NDUFS8,BD61
NDUFV2,BD61
NIT2,BD120
NIT2,BD126
NIT2,BD132
NIT2,BD158
NIT2,BD160
NIT2,BD162
NIT2,BD163
NIT2,BD50
NIT2,BD9
NIT2,BG1
NQO1,BD127
NQO1,BD132
NQO1,BD139
NQO1,BD158
NQO1,BD160
NQO1,BD162
NQO1,BD48
NQO1,BD50
NQO1,BD54
NQO1,BD9
NQO1,BG1
NQO1,E7
OXCT,BD158
OXCT,BD163
OXCT,BD48
OXCT,BD54
OXCT,E7
PATG,BD139
PDC,BD48
PDC,BD54
PDC,E7
PGD,BD117
PGD,BD120
PGD,BD126
PGD,BD132
PGD,BD139
PGD,BD158
PGD,BD160
PGD,BD162
PGD,BD163
PGD,BD50
PGD,BD61
PGD,BD9
PGD,BG1
PGK,BD117
PGK,BD120
PGK,BD126
PGK,BD127
PGK,BD132
PGK,BD139
PGK,BD158
PGK,BD160
PGK,BD162
PGK,BD163
PGK,BD48
PGK,BD50
PGK,BD54
PGK,BD61
PGK,BD9
PGK,BG1
PGK,E7
PIR,BD127
PIR,BD139
PIR,BD158
PIR,BD48
PIR,BD54
PIR,BD61
PIR,E7
PPOX,BD117
PPOX,BD120
PPOX,BD126
PPOX,BD132
PPOX,BD139
PPOX,BD158
PPOX,BD160
PPOX,BD162
PPOX,BD163
PPOX,BD50
PPOX,BD9
PPOX,BG1
PRDX2_4,BD117
PRDX2_4,BD120
PRDX2_4,BD126
PRDX2_4,BD127
PRDX2_4,BD139
PRDX2_4,BD158
PRDX2_4,BD162
PRDX2_4,BD48
PRDX2_4,BD54
PRDX2_4,BD61
PRDX2_4,BD9
PRDX2_4,BG1
PRDX2_4,E7
PREP,BD158
PREP,BD61
PYG,BD120
PYG,BD126
PYG,BD158
PYG,BD163
SOD2,BD117
SOD2,BD120
SOD2,BD126
SOD2,BD127
SOD2,BD132
SOD2,BD139
SOD2,BD158
SOD2,BD160
SOD2,BD162
SOD2,BD163
SOD2,BD48
SOD2,BD50
SOD2,BD54
SOD2,BD61
SOD2,BD9
SOD2,BG1
SOD2,E7
SORD,BD120
SORD,BD126
SORD,BD132
SORD,BD139
SORD,BD158
SORD,BD160
SORD,BD162
SORD,BD163
SORD,BD50
SORD,BD61
SORD,BD9
SORD,BG1
TPMT,BD127
TPMT,BD158
TST,BD117
TST,BD127
TST,BD139
TST,BD158
TST,BD163
TST,BD48
TST,BD54
TST,BD61
TST,E7
TYR,BD163
UPB1,BD139
Xyn,BD120
Xyn,BD126
Xyn,BD132
Xyn,BD139
Xyn,BD160
Xyn,BD162
Xyn,BD50
Xyn,BD9
Xyn,BG1
aauA,BD127
aauB,BD127
abcA,BD120
abcA,BD126
abcA,BD139
abcA,BD162
abcA,BD163
abcA,BD9
abcA,BG1
accA,BD120
accA,BD126
accA,BD127
accA,BD132
accA,BD139
accA,BD158
accA,BD160
accA,BD162
accA,BD163
accA,BD48
accA,BD50
accA,BD54
accA,BD61
accA,BD9
accA,BG1
accA,E7
accC,BD120
accC,BD126
accC,BD127
accC,BD132
accC,BD139
accC,BD158
accC,BD160
accC,BD162
accC,BD163
accC,BD48
accC,BD50
accC,BD54
accC,BD61
accC,BD9
accC,BG1
accC,E7
accD,BD120
accD,BD126
accD,BD127
accD,BD132
accD,BD139
accD,BD158
accD,BD160
accD,BD162
accD,BD163
accD,BD48
accD,BD50
accD,BD54
accD,BD61
accD,BD9
accD,BG1
accD,E7
ada,BD117
ada,BD120
ada,BD126
ada,BD127
ada,BD132
ada,BD139
ada,BD160
ada,BD162
ada,BD48
ada,BD50
ada,BD54
ada,BD61
ada,BD9
ada,BG1
ada,E7
ada-alkA,BD120
ada-alkA,BD126
ada-alkA,BD127
ada-alkA,BD139
ada-alkA,BD158
ada-alkA,BD163
adaB,BD120
adaB,BD126
adaB,BD132
adaB,BD139
adaB,BD160
adaB,BD162
adaB,BD163
adaB,BD50
adaB,BD9
adaB,BG1
adc,BD162
adc,BD9
adc,BG1
add,BD117
add,BD158
add,BD48
add,BD54
add,E7
ade,BD120
ade,BD126
ade,BD127
ade,BD132
ade,BD139
ade,BD158
ade,BD160
ade,BD162
ade,BD163
ade,BD48
ade,BD50
ade,BD54
ade,BD61
ade,BD9
ade,BG1
ade,E7
adh3,BD117
adhB,BD61
adhP,BD117
adhP,BD127
adhP,BD139
adhP,BD158
adhP,BD162
adhP,BD61
adhP,BD9
adhP,BG1
adiA,BD127
adrA,BD158
aguA,BD117
aguA,BD139
aguA,BD158
aguB,BD158
ahr,BD127
ahr,BD48
ahr,BD54
ahr,E7
ala,BD158
ala,BD61
ald,BD117
ald,BD120
ald,BD126
ald,BD132
ald,BD139
ald,BD158
ald,BD160
ald,BD162
ald,BD163
ald,BD50
ald,BD61
ald,BD9
ald,BG1
aldB,BD117
aldB,BD127
aldB,BD139
aldB,BD158
aldB,BD48
aldB,BD54
aldB,BD61
aldB,E7
alkB1_2,BD48
alkB1_2,BD54
alkB1_2,E7
allC,BD117
allC,BD120
allC,BD126
allC,BD127
allC,BD139
allC,BD162
allC,BD163
allC,BD9
allC,BG1
andAb,BD127
andAb,BD48
andAb,BD54
andAb,E7
andAc,BD127
andAd,BD127
antA,BD48
antA,BD54
antA,E7
antB,BD48
antB,BD54
antB,E7
antC,BD48
antC,BD54
antC,E7
arcC,BD139
argA,BD117
argA,BD139
argJ,BD117
argJ,BD120
argJ,BD126
argJ,BD127
argJ,BD132
argJ,BD158
argJ,BD160
argJ,BD162
argJ,BD163
argJ,BD48
argJ,BD50
argJ,BD54
argJ,BD61
argJ,BD9
argJ,BG1
argJ,E7
asbF,BD139
asbF,BD162
asbF,BD9
asbF,BG1
ascD,BD127
ascD,BD158
ascD,BD61
asd,BD117
asd,BD120
asd,BD126
asd,BD127
asd,BD132
asd,BD139
asd,BD158
asd,BD160
asd,BD162
asd,BD163
asd,BD48
asd,BD50
asd,BD54
asd,BD61
asd,BD9
asd,BG1
asd,E7
asnB,BD117
asnB,BD120
asnB,BD126
asnB,BD127
asnB,BD132
asnB,BD139
asnB,BD160
asnB,BD162
asnB,BD163
asnB,BD50
asnB,BD9
asnB,BG1
aspA,BD120
aspA,BD126
aspA,BD132
aspA,BD139
aspA,BD158
aspA,BD160
aspA,BD162
aspA,BD163
aspA,BD48
aspA,BD50
aspA,BD54
aspA,BD9
aspA,BG1
aspA,E7
aspQ,BD48
aspQ,BD54
aspQ,E7
astB,BD158
astB,BD48
astB,BD54
astB,E7
atsA,BD127
atsA,BD48
atsA,BD54
atsA,E7
atzE,BD127
atzF,BD127
atzF,BD158
atzF,BD163
atzF,BD48
atzF,BD54
atzF,E7
azr,BD120
azr,BD126
azr,BD162
azr,BD163
azr,BD9
azr,BG1
bccA,BD117
bccA,BD48
bccA,BD54
bccA,E7
benD-xylL,BD48
benD-xylL,BD54
benD-xylL,E7
betB,BD120
betB,BD126
betB,BD127
betB,BD132
betB,BD158
betB,BD160
betB,BD162
betB,BD163
betB,BD48
betB,BD50
betB,BD54
betB,BD61
betB,BD9
betB,BG1
betB,E7
bfr,BD127
bfr,BD158
bfr,BD163
bfr,BD48
bfr,BD54
bfr,BD61
bfr,E7
bglB,BD120
bglB,BD126
bglB,BD132
bglB,BD160
bglB,BD162
bglB,BD50
bglB,BD9
bglB,BG1
bglX,BD139
bglX,BD61
bioF,BD120
bioF,BD126
bioF,BD127
bioF,BD139
bioF,BD158
bioF,BD162
bioF,BD163
bioF,BD48
bioF,BD54
bioF,BD61
bioF,BD9
bioF,BG1
bioF,E7
bsdC,BD120
bsdC,BD126
bsdC,BD162
bsdC,BD163
bsdC,BD9
bsdC,BG1
bsdD,BD120
bsdD,BD126
bsdD,BD162
bsdD,BD163
bsdD,BD9
bsdD,BG1
buk,BD120
buk,BD126
buk,BD132
buk,BD160
buk,BD162
buk,BD163
buk,BD50
buk,BD9
buk,BG1
carA,BD117
carA,BD120
carA,BD126
carA,BD127
carA,BD132
carA,BD139
carA,BD158
carA,BD160
carA,BD162
carA,BD163
carA,BD48
carA,BD50
carA,BD54
carA,BD61
carA,BD9
carA,BG1
carA,E7
carB,BD117
carB,BD120
carB,BD126
carB,BD127
carB,BD132
carB,BD139
carB,BD158
carB,BD160
carB,BD162
carB,BD163
carB,BD48
carB,BD50
carB,BD54
carB,BD61
carB,BD9
carB,BG1
carB,E7
catA,BD132
catA,BD139
catA,BD160
catA,BD163
catA,BD48
catA,BD50
catA,BD54
catA,E7
catB,BD120
catB,BD126
catB,BD127
catB,BD48
catB,BD54
catB,BD61
catB,E7
catE,BD120
catE,BD126
catE,BD132
catE,BD160
catE,BD162
catE,BD163
catE,BD50
catE,BD61
catE,BD9
catE,BG1
cbiG,BD139
cbiG,BD163
cbiG,BD61
cbiGH-cobJ,BD61
ccoN,BD127
ccoN,BD61
ccoO,BD127
ccoO,BD61
ccoP,BD127
ccoP,BD61
ccoQ,BD127
ccoQ,BD61
cdd,BD117
cdd,BD120
cdd,BD126
cdd,BD132
cdd,BD139
cdd,BD158
cdd,BD160
cdd,BD162
cdd,BD163
cdd,BD50
cdd,BD9
cdd,BG1
cdgA,BD48
cdgA,BD54
cdgA,E7
cfa,BD127
cfa,BD158
cfa,BD61
cheB,BD120
cheB,BD126
cheB,BD127
cheB,BD132
cheB,BD139
cheB,BD158
cheB,BD160
cheB,BD162
cheB,BD163
cheB,BD50
cheB,BD9
cheB,BG1
cheD,BD120
cheD,BD126
cheD,BD127
cheD,BD132
cheD,BD139
cheD,BD160
cheD,BD162
cheD,BD163
cheD,BD50
cheD,BD9
cheD,BG1
choD,BD48
choD,BD54
choD,E7
cobB,BD117
cobB,BD120
cobB,BD126
cobB,BD127
cobB,BD132
cobB,BD139
cobB,BD158
cobB,BD160
cobB,BD162
cobB,BD163
cobB,BD48
cobB,BD50
cobB,BD54
cobB,BD9
cobB,BG1
cobB,E7
codA,BD117
codA,BD127
codA,BD158
codA,BD163
codA,BD61
comEB,BD120
comEB,BD126
comEB,BD132
comEB,BD160
comEB,BD162
comEB,BD163
comEB,BD50
comEB,BD9
comEB,BG1
copA,BD117
copA,BD120
copA,BD126
copA,BD127
copA,BD132
copA,BD139
copA,BD158
copA,BD160
copA,BD162
copA,BD163
copA,BD48
copA,BD50
copA,BD54
copA,BD61
copA,BD9
copA,BG1
copA,E7
copB,BD117
copB,BD127
copB,BD61
cotA,BD120
cotA,BD126
cotA,BD132
cotA,BD160
cotA,BD162
cotA,BD50
cotA,BD9
cotA,BG1
coxA,BD117
coxA,BD120
coxA,BD126
coxA,BD127
coxA,BD132
coxA,BD139
coxA,BD160
coxA,BD162
coxA,BD163
coxA,BD50
coxA,BD61
coxA,BD9
coxA,BG1
coxB,BD117
coxB,BD120
coxB,BD126
coxB,BD127
coxB,BD132
coxB,BD139
coxB,BD160
coxB,BD162
coxB,BD163
coxB,BD50
coxB,BD61
coxB,BD9
coxB,BG1
coxC,BD117
coxC,BD120
coxC,BD126
coxC,BD127
coxC,BD132
coxC,BD139
coxC,BD160
coxC,BD162
coxC,BD163
coxC,BD50
coxC,BD61
coxC,BD9
coxC,BG1
coxD,BD120
coxD,BD126
coxD,BD132
coxD,BD139
coxD,BD160
coxD,BD162
coxD,BD163
coxD,BD50
coxD,BD9
coxD,BG1
coxM,BD120
coxM,BD126
coxS,BD120
coxS,BD126
coxS,BD162
coxS,BD163
coxS,BD9
coxS,BG1
cpo,BD120
cpo,BD126
cpo,BD139
cpo,BD163
cpo,BD48
cpo,BD54
cpo,BD61
cpo,E7
cuyA,BD139
cuyA,BD163
cuyA,BD48
cuyA,BD54
cuyA,E7
cynD,BD132
cynD,BD50
cynS,BD127
cynS,BD158
cynT,BD117
cynT,BD120
cynT,BD126
cynT,BD127
cynT,BD132
cynT,BD139
cynT,BD158
cynT,BD160
cynT,BD162
cynT,BD163
cynT,BD48
cynT,BD50
cynT,BD54
cynT,BD61
cynT,BD9
cynT,BG1
cynT,E7
cypD_E,BD120
cypD_E,BD126
cypD_E,BD132
cypD_E,BD160
cypD_E,BD162
cypD_E,BD163
cypD_E,BD50
cypD_E,BD9
cypD_E,BG1
dadA,BD120
dadA,BD126
dadA,BD127
dadA,BD132
dadA,BD158
dadA,BD160
dadA,BD162
dadA,BD163
dadA,BD48
dadA,BD50
dadA,BD54
dadA,BD61
dadA,BD9
dadA,BG1
dadA,E7
dat,BD120
dat,BD126
dat,BD127
dat,BD132
dat,BD139
dat,BD160
dat,BD162
dat,BD163
dat,BD50
dat,BD61
dat,BD9
dat,BG1
dauA,BD127
dcd,BD117
dcd,BD127
dcd,BD158
dcd,BD48
dcd,BD54
dcd,BD61
dcd,E7
dck,BD120
dck,BD126
dck,BD132
dck,BD139
dck,BD160
dck,BD162
dck,BD163
dck,BD50
dck,BD9
dck,BG1
dcyD,BD127
dcyD,BD139
dcyD,BD163
dcyD,BD48
dcyD,BD54
dcyD,E7
deoA,BD117
deoA,BD158
deoC,BD117
deoC,BD120
deoC,BD126
deoC,BD132
deoC,BD139
deoC,BD158
deoC,BD160
deoC,BD162
deoC,BD163
deoC,BD50
deoC,BD61
deoC,BD9
deoC,BG1
dfrA12,BD158
dfrA12,BD48
dfrA12,BD54
dfrA12,E7
dgcA,BD158
dgcA,BD61
dgcB,BD158
dge1,BD120
dge1,BD126
dge1,BD132
dge1,BD160
dge1,BD162
dge1,BD50
dge1,BD9
dge1,BG1
dhaA,BD120
dhaA,BD126
dhaA,BD127
dhaA,BD132
dhaA,BD160
dhaA,BD163
dhaA,BD50
dmd-tmd,BD61
dmpB,BD158
dmpK,BD48
dmpK,BD54
dmpK,E7
dmpL,BD48
dmpL,BD54
dmpL,E7
dmpM,BD48
dmpM,BD54
dmpM,E7
dmpN,BD48
dmpN,BD54
dmpN,E7
dmpO,BD48
dmpO,BD54
dmpO,E7
dmpP,BD48
dmpP,BD54
dmpP,E7
dop,BD117
dsbC,BD127
dsbC,BD158
dsbC,BD48
dsbC,BD54
dsbC,E7
dsdA,BD120
dsdA,BD126
dsdA,BD127
dsdA,BD139
dsdA,BD158
dsdA,BD162
dsdA,BD163
dsdA,BD48
dsdA,BD54
dsdA,BD9
dsdA,BG1
dsdA,E7
dta,BD127
dthadh,BD127
etbAa,BD127
etnE,BD117
eutA,BD139
eutA,BD163
eutB,BD139
eutB,BD163
eutB,BD48
eutB,BD54
eutB,E7
eutC,BD139
eutC,BD163
eutC,BD48
eutC,BD54
eutC,E7
fbaB,BD158
fdhA,BD117
fdhA,BD120
fdhA,BD126
fdhA,BD132
fdhA,BD158
fdhA,BD160
fdhA,BD50
fdhA,BD61
fnr,BD120
fnr,BD126
fnr,BD132
fnr,BD139
fnr,BD160
fnr,BD162
fnr,BD163
fnr,BD50
fnr,BD9
fnr,BG1
folE2,BD120
folE2,BD126
folE2,BD127
folE2,BD132
folE2,BD158
folE2,BD160
folE2,BD50
folM,BD158
fpr,BD117
fpr,BD127
fpr,BD158
fpr,BD48
fpr,BD54
fpr,BD61
fpr,E7
frmA,BD120
frmA,BD126
frmA,BD127
frmA,BD132
frmA,BD139
frmA,BD158
frmA,BD160
frmA,BD162
frmA,BD163
frmA,BD48
frmA,BD50
frmA,BD54
frmA,BD61
frmA,BD9
frmA,BG1
frmA,E7
gabT,BD117
gabT,BD120
gabT,BD126
gabT,BD127
gabT,BD132
gabT,BD139
gabT,BD158
gabT,BD160
gabT,BD162
gabT,BD163
gabT,BD48
gabT,BD50
gabT,BD54
gabT,BD9
gabT,BG1
gabT,E7
galT,BD120
galT,BD126
galT,BD132
galT,BD160
galT,BD162
galT,BD163
galT,BD50
galT,BD9
galT,BG1
garD,BD120
garD,BD126
garD,BD127
garD,BD48
garD,BD54
garD,BD61
garD,E7
gbcA,BD158
gbcA,BD163
gbcA,BD61
gbcB,BD158
gbcB,BD61
gbsB,BD120
gbsB,BD126
gbsB,BD132
gbsB,BD160
gbsB,BD162
gbsB,BD163
gbsB,BD50
gbsB,BD9
gbsB,BG1
gcvH,BD117
gcvH,BD120
gcvH,BD126
gcvH,BD127
gcvH,BD132
gcvH,BD139
gcvH,BD158
gcvH,BD160
gcvH,BD162
gcvH,BD163
gcvH,BD48
gcvH,BD50
gcvH,BD54
gcvH,BD61
gcvH,BD9
gcvH,BG1
gcvH,E7
gcvPA,BD120
gcvPA,BD126
gcvPA,BD132
gcvPA,BD139
gcvPA,BD160
gcvPA,BD162
gcvPA,BD163
gcvPA,BD50
gcvPA,BD9
gcvPA,BG1
gcvPB,BD117
gcvPB,BD120
gcvPB,BD126
gcvPB,BD132
gcvPB,BD139
gcvPB,BD158
gcvPB,BD160
gcvPB,BD162
gcvPB,BD163
gcvPB,BD50
gcvPB,BD61
gcvPB,BD9
gcvPB,BG1
gcvT,BD117
gcvT,BD120
gcvT,BD126
gcvT,BD127
gcvT,BD132
gcvT,BD139
gcvT,BD158
gcvT,BD160
gcvT,BD162
gcvT,BD163
gcvT,BD50
gcvT,BD61
gcvT,BD9
gcvT,BG1
gdh,BD158
gdh,BD61
ggt,BD120
ggt,BD126
ggt,BD127
ggt,BD132
ggt,BD139
ggt,BD158
ggt,BD160
ggt,BD162
ggt,BD163
ggt,BD48
ggt,BD50
ggt,BD54
ggt,BD61
ggt,BD9
ggt,BG1
ggt,E7
gldA,BD127
gldA,BD162
gldA,BD163
gldA,BD9
gldA,BG1
glk,BD117
glk,BD120
glk,BD126
glk,BD132
glk,BD139
glk,BD158
glk,BD160
glk,BD162
glk,BD163
glk,BD50
glk,BD61
glk,BD9
glk,BG1
glnA,BD117
glnA,BD120
glnA,BD126
glnA,BD127
glnA,BD132
glnA,BD139
glnA,BD158
glnA,BD160
glnA,BD162
glnA,BD163
glnA,BD48
glnA,BD50
glnA,BD54
glnA,BD61
glnA,BD9
glnA,BG1
glnA,E7
glpE,BD158
glpK,BD117
glpK,BD120
glpK,BD126
glpK,BD127
glpK,BD132
glpK,BD139
glpK,BD158
glpK,BD160
glpK,BD162
glpK,BD163
glpK,BD48
glpK,BD50
glpK,BD54
glpK,BD61
glpK,BD9
glpK,BG1
glpK,E7
glsA,BD117
glsA,BD120
glsA,BD126
glsA,BD132
glsA,BD139
glsA,BD158
glsA,BD160
glsA,BD162
glsA,BD163
glsA,BD48
glsA,BD50
glsA,BD54
glsA,BD9
glsA,BG1
glsA,E7
gltB,BD117
gltB,BD120
gltB,BD126
gltB,BD127
gltB,BD132
gltB,BD139
gltB,BD158
gltB,BD160
gltB,BD162
gltB,BD163
gltB,BD48
gltB,BD50
gltB,BD54
gltB,BD61
gltB,BD9
gltB,BG1
gltB,E7
gltD,BD117
gltD,BD120
gltD,BD126
gltD,BD127
gltD,BD132
gltD,BD158
gltD,BD160
gltD,BD162
gltD,BD163
gltD,BD48
gltD,BD50
gltD,BD54
gltD,BD61
gltD,BD9
gltD,BG1
gltD,E7
glyA,BD117
glyA,BD120
glyA,BD126
glyA,BD127
glyA,BD132
glyA,BD139
glyA,BD158
glyA,BD160
glyA,BD162
glyA,BD163
glyA,BD48
glyA,BD50
glyA,BD54
glyA,BD61
glyA,BD9
glyA,BG1
glyA,E7
gnl,BD127
gnl,BD158
gnl,BD61
gpx,BD120
gpx,BD126
gpx,BD127
gpx,BD132
gpx,BD139
gpx,BD158
gpx,BD160
gpx,BD162
gpx,BD163
gpx,BD48
gpx,BD50
gpx,BD54
gpx,BD9
gpx,BG1
gpx,E7
groEL,BD117
groEL,BD120
groEL,BD126
groEL,BD127
groEL,BD132
groEL,BD139
groEL,BD158
groEL,BD160
groEL,BD162
groEL,BD163
groEL,BD48
groEL,BD50
groEL,BD54
groEL,BD61
groEL,BD9
groEL,BG1
groEL,E7
gshA,BD117
gshA,BD127
gshA,BD139
gshA,BD158
gshA,BD48
gshA,BD54
gshA,BD61
gshA,E7
gshB,BD127
gshB,BD139
gshB,BD158
gshB,BD48
gshB,BD54
gshB,BD61
gshB,E7
guaA,BD117
guaA,BD120
guaA,BD126
guaA,BD127
guaA,BD132
guaA,BD139
guaA,BD158
guaA,BD160
guaA,BD162
guaA,BD163
guaA,BD48
guaA,BD50
guaA,BD54
guaA,BD61
guaA,BD9
guaA,BG1
guaA,E7
guaC,BD120
guaC,BD126
guaC,BD162
guaC,BD61
guaC,BD9
guaC,BG1
guaD,BD120
guaD,BD126
guaD,BD132
guaD,BD139
guaD,BD158
guaD,BD160
guaD,BD48
guaD,BD50
guaD,BD54
guaD,BD61
guaD,E7
gudB,BD120
gudB,BD126
gudB,BD127
gudB,BD132
gudB,BD139
gudB,BD160
gudB,BD162
gudB,BD163
gudB,BD50
gudB,BD9
gudB,BG1
gyrA,BD117
gyrA,BD120
gyrA,BD126
gyrA,BD127
gyrA,BD132
gyrA,BD139
gyrA,BD158
gyrA,BD160
gyrA,BD162
gyrA,BD163
gyrA,BD48
gyrA,BD50
gyrA,BD54
gyrA,BD61
gyrA,BD9
gyrA,BG1
gyrA,E7
gyrB,BD117
gyrB,BD120
gyrB,BD126
gyrB,BD127
gyrB,BD132
gyrB,BD139
gyrB,BD158
gyrB,BD160
gyrB,BD162
gyrB,BD163
gyrB,BD48
gyrB,BD50
gyrB,BD54
gyrB,BD61
gyrB,BD9
gyrB,BG1
gyrB,E7
hcnB,BD127
hcp,BD139
hemC,BD117
hemC,BD120
hemC,BD126
hemC,BD127
hemC,BD132
hemC,BD139
hemC,BD158
hemC,BD160
hemC,BD162
hemC,BD163
hemC,BD48
hemC,BD50
hemC,BD54
hemC,BD61
hemC,BD9
hemC,BG1
hemC,E7
hemE,BD117
hemE,BD120
hemE,BD126
hemE,BD127
hemE,BD132
hemE,BD139
hemE,BD158
hemE,BD160
hemE,BD162
hemE,BD163
hemE,BD48
hemE,BD50
hemE,BD54
hemE,BD61
hemE,BD9
hemE,BG1
hemE,E7
hisB,BD117
hisB,BD48
hisB,BD54
hisB,BD61
hisB,E7
hisF,BD117
hisF,BD120
hisF,BD126
hisF,BD127
hisF,BD132
hisF,BD139
hisF,BD158
hisF,BD160
hisF,BD162
hisF,BD163
hisF,BD48
hisF,BD50
hisF,BD54
hisF,BD61
hisF,BD9
hisF,BG1
hisF,E7
hisH,BD117
hisH,BD120
hisH,BD126
hisH,BD127
hisH,BD132
hisH,BD139
hisH,BD158
hisH,BD160
hisH,BD162
hisH,BD163
hisH,BD48
hisH,BD50
hisH,BD54
hisH,BD61
hisH,BD9
hisH,BG1
hisH,E7
hisN,BD117
hmp,BD117
hmp,BD120
hmp,BD126
hmp,BD127
hmp,BD132
hmp,BD139
hmp,BD158
hmp,BD160
hmp,BD162
hmp,BD163
hmp,BD48
hmp,BD50
hmp,BD54
hmp,BD9
hmp,BG1
hmp,E7
hsd,BD117
hss,BD61
hutF,BD61
hutH,BD117
hutH,BD120
hutH,BD126
hutH,BD127
hutH,BD139
hutH,BD158
hutH,BD162
hutH,BD163
hutH,BD48
hutH,BD54
hutH,BD61
hutH,BD9
hutH,BG1
hutH,E7
hutZ,BD61
hxlA,BD120
hxlA,BD126
hxlA,BD160
hxlA,BD162
hxlA,BD163
hxlA,BD9
hxlA,BG1
hya,BD139
iaaH,BD127
inhA,BD127
isdG,BD120
isdG,BD126
isdG,BD132
isdG,BD139
isdG,BD160
isdG,BD162
isdG,BD50
isdG,BD9
isdG,BG1
katE,BD117
katE,BD120
katE,BD126
katE,BD127
katE,BD132
katE,BD139
katE,BD158
katE,BD160
katE,BD162
katE,BD163
katE,BD48
katE,BD50
katE,BD54
katE,BD61
katE,BD9
katE,BG1
katE,E7
katG,BD139
katG,BD158
katG,BD48
katG,BD54
katG,E7
kynB,BD127
kynB,BD139
larC,BD163
lhpC,BD158
lhpC,BD48
lhpC,BD54
lhpC,BD61
lhpC,E7
ligD,BD120
ligD,BD126
ligD,BD127
ligD,BD132
ligD,BD139
ligD,BD160
ligD,BD162
ligD,BD50
ligD,BD61
ligD,BD9
ligD,BG1
lip,BD120
lip,BD126
lip,BD132
lip,BD139
lip,BD160
lip,BD162
lip,BD163
lip,BD48
lip,BD50
lip,BD54
lip,BD9
lip,BG1
lip,E7
lsrK,BD120
lsrK,BD126
lsrK,BD162
lsrK,BD9
lsrK,BG1
ltaA,BD158
ltaE,BD117
ltaE,BD127
ltaE,BD139
ltaE,BD158
ltaE,BD61
ltrA,BD139
ltrA,BD163
luci,BD61
luxR,BD48
luxR,BD54
luxR,E7
mauA,BD127
mauB,BD127
mccB,BD120
mccB,BD126
mccB,BD132
mccB,BD139
mccB,BD160
mccB,BD162
mccB,BD163
mccB,BD50
mccB,BD9
mccB,BG1
mdh,BD117
mdh,BD120
mdh,BD126
mdh,BD127
mdh,BD132
mdh,BD139
mdh,BD160
mdh,BD162
mdh,BD163
mdh,BD48
mdh,BD50
mdh,BD54
mdh,BD61
mdh,BD9
mdh,BG1
mdh,E7
merA,BD117
merA,BD61
metB,BD117
metB,BD120
metB,BD126
metB,BD127
metB,BD132
metB,BD139
metB,BD160
metB,BD162
metB,BD163
metB,BD50
metB,BD61
metB,BD9
metB,BG1
metC,BD120
metC,BD126
metC,BD127
metC,BD132
metC,BD139
metC,BD160
metC,BD162
metC,BD163
metC,BD48
metC,BD50
metC,BD54
metC,BD61
metC,BD9
metC,BG1
metC,E7
metK,BD117
metK,BD120
metK,BD126
metK,BD127
metK,BD132
metK,BD139
metK,BD158
metK,BD160
metK,BD162
metK,BD163
metK,BD48
metK,BD50
metK,BD54
metK,BD61
metK,BD9
metK,BG1
metK,E7
mgsA,BD158
mgsB,BD158
mgsC,BD158
mhpE,BD139
mhpE,BD163
mhpF,BD139
mmoC,BD48
mmoC,BD54
mmoC,E7
mtaD,BD139
mtlD,BD120
mtlD,BD126
mtlD,BD132
mtlD,BD139
mtlD,BD160
mtlD,BD162
mtlD,BD163
mtlD,BD50
mtlD,BD9
mtlD,BG1
mtnD,BD120
mtnD,BD126
mtnD,BD132
mtnD,BD139
mtnD,BD158
mtnD,BD160
mtnD,BD162
mtnD,BD163
mtnD,BD50
mtnD,BD9
mtnD,BG1
mucR,BD120
mucR,BD126
mucR,BD127
mucR,BD132
mucR,BD139
mucR,BD160
mucR,BD48
mucR,BD50
mucR,BD54
mucR,E7
nadB,BD117
nadB,BD120
nadB,BD126
nadB,BD127
nadB,BD132
nadB,BD139
nadB,BD160
nadB,BD162
nadB,BD163
nadB,BD48
nadB,BD50
nadB,BD54
nadB,BD61
nadB,BD9
nadB,BG1
nadB,E7
nadE,BD117
nadE,BD120
nadE,BD126
nadE,BD127
nadE,BD132
nadE,BD139
nadE,BD158
nadE,BD160
nadE,BD162
nadE,BD163
nadE,BD48
nadE,BD50
nadE,BD54
nadE,BD61
nadE,BD9
nadE,BG1
nadE,E7
nadX,BD48
nadX,BD54
nadX,E7
nagB,BD120
nagB,BD126
nagB,BD132
nagB,BD139
nagB,BD160
nagB,BD162
nagB,BD163
nagB,BD50
nagB,BD9
nagB,BG1
nagD,BD158
nagG,BD127
nagG,BD48
nagG,BD54
nagG,E7
nagH,BD127
nagX,BD127
nahAa,BD48
nahAa,BD54
nahAa,BD61
nahAa,E7
nahAb,BD127
narG,BD120
narG,BD126
narG,BD127
narG,BD162
narG,BD61
narG,BD9
narG,BG1
narH,BD120
narH,BD126
narH,BD127
narH,BD162
narH,BD61
narH,BD9
narH,BG1
narI,BD120
narI,BD126
narI,BD127
narI,BD162
narI,BD61
narI,BD9
narI,BG1
nasC,BD120
nasC,BD126
nasC,BD139
nasC,BD158
nasC,BD160
nasC,BD162
nasC,BD163
nasC,BD48
nasC,BD54
nasC,BD9
nasC,BG1
nasC,E7
ncd2,BD117
ncd2,BD120
ncd2,BD126
ncd2,BD127
ncd2,BD132
ncd2,BD139
ncd2,BD158
ncd2,BD160
ncd2,BD162
ncd2,BD163
ncd2,BD48
ncd2,BD50
ncd2,BD54
ncd2,BD61
ncd2,BD9
ncd2,BG1
ncd2,E7
ndhF,BD120
ndhF,BD126
ndhF,BD158
nemA,BD117
nemA,BD127
nemA,BD158
nemA,BD163
nemA,BD48
nemA,BD54
nemA,BD61
nemA,E7
nfnB,BD48
nfnB,BD54
nfnB,E7
nfsA,BD120
nfsA,BD126
nfsA,BD162
nfsA,BD9
nfsA,BG1
nhoA,BD120
nhoA,BD126
nhoA,BD132
nhoA,BD139
nhoA,BD160
nhoA,BD162
nhoA,BD163
nhoA,BD50
nhoA,BD9
nhoA,BG1
nicF,BD127
nirA,BD117
nirA,BD139
nirA,BD61
nirB,BD120
nirB,BD126
nirB,BD127
nirB,BD158
nirB,BD160
nirB,BD162
nirB,BD163
nirB,BD48
nirB,BD54
nirB,BD9
nirB,BG1
nirB,E7
nirD,BD120
nirD,BD126
nirD,BD127
nirD,BD158
nirD,BD160
nirD,BD162
nirD,BD163
nirD,BD9
nirD,BG1
nuoA,BD127
nuoA,BD139
nuoA,BD158
nuoA,BD48
nuoA,BD54
nuoA,BD61
nuoA,E7
nuoB,BD127
nuoB,BD139
nuoB,BD158
nuoB,BD48
nuoB,BD54
nuoB,BD61
nuoB,E7
nuoC,BD127
nuoC,BD139
nuoC,BD61
nuoCD,BD158
nuoCD,BD48
nuoCD,BD54
nuoCD,E7
nuoD,BD127
nuoD,BD139
nuoD,BD158
nuoD,BD61
nuoE,BD127
nuoE,BD158
nuoE,BD48
nuoE,BD54
nuoE,BD61
nuoE,E7
nuoF,BD127
nuoF,BD158
nuoF,BD48
nuoF,BD54
nuoF,BD61
nuoF,E7
nuoG,BD127
nuoG,BD158
nuoG,BD48
nuoG,BD54
nuoG,BD61
nuoG,E7
nuoH,BD127
nuoH,BD139
nuoH,BD158
nuoH,BD48
nuoH,BD54
nuoH,BD61
nuoH,E7
nuoI,BD127
nuoI,BD139
nuoI,BD158
nuoI,BD48
nuoI,BD54
nuoI,BD61
nuoI,E7
nuoJ,BD127
nuoJ,BD139
nuoJ,BD158
nuoJ,BD48
nuoJ,BD54
nuoJ,BD61
nuoJ,E7
nuoK,BD127
nuoK,BD139
nuoK,BD158
nuoK,BD48
nuoK,BD54
nuoK,BD61
nuoK,E7
nuoL,BD127
nuoL,BD139
nuoL,BD158
nuoL,BD48
nuoL,BD54
nuoL,BD61
nuoL,E7
nuoM,BD127
nuoM,BD139
nuoM,BD158
nuoM,BD48
nuoM,BD54
nuoM,BD61
nuoM,E7
nuoN,BD127
nuoN,BD139
nuoN,BD158
nuoN,BD48
nuoN,BD54
nuoN,BD61
nuoN,E7
ocd,BD117
ocd,BD127
ocd,BD139
ocd,BD158
ocd,BD61
ogt,BD117
ogt,BD120
ogt,BD126
ogt,BD127
ogt,BD132
ogt,BD139
ogt,BD158
ogt,BD160
ogt,BD162
ogt,BD163
ogt,BD48
ogt,BD50
ogt,BD54
ogt,BD61
ogt,BD9
ogt,BG1
ogt,E7
pabA,BD117
pabA,BD120
pabA,BD126
pabA,BD132
pabA,BD139
pabA,BD160
pabA,BD162
pabA,BD163
pabA,BD48
pabA,BD50
pabA,BD54
pabA,BD9
pabA,BG1
pabA,E7
pabAB,BD117
pabB,BD117
pabB,BD120
pabB,BD126
pabB,BD127
pabB,BD132
pabB,BD139
pabB,BD158
pabB,BD160
pabB,BD162
pabB,BD163
pabB,BD48
pabB,BD50
pabB,BD54
pabB,BD61
pabB,BD9
pabB,BG1
pabB,E7
pabBC,BD117
pabBC,BD127
pabBC,BD61
pac,BD127
pac,BD48
pac,BD54
pac,E7
pad,BD120
pad,BD126
pad,BD132
pad,BD160
pad,BD162
pad,BD163
pad,BD50
pad,BD9
pad,BG1
panB,BD117
panB,BD120
panB,BD126
panB,BD127
panB,BD132
panB,BD139
panB,BD158
panB,BD160
panB,BD162
panB,BD163
panB,BD48
panB,BD50
panB,BD54
panB,BD61
panB,BD9
panB,BG1
panB,E7
parC,BD120
parC,BD126
parC,BD127
parC,BD132
parC,BD139
parC,BD158
parC,BD160
parC,BD162
parC,BD163
parC,BD48
parC,BD50
parC,BD54
parC,BD61
parC,BD9
parC,BG1
parC,E7
parE,BD120
parE,BD126
parE,BD127
parE,BD132
parE,BD139
parE,BD158
parE,BD160
parE,BD162
parE,BD163
parE,BD48
parE,BD50
parE,BD54
parE,BD61
parE,BD9
parE,BG1
parE,E7
patB,BD120
patB,BD126
patB,BD132
patB,BD139
patB,BD158
patB,BD160
patB,BD162
patB,BD163
patB,BD50
patB,BD9
patB,BG1
pcaB,BD127
pcaB,BD158
pcaB,BD48
pcaB,BD54
pcaB,BD61
pcaB,E7
pcaG,BD158
pcaG,BD48
pcaG,BD54
pcaG,BD61
pcaG,E7
pcaH,BD158
pcaH,BD48
pcaH,BD54
pcaH,BD61
pcaH,E7
pchB,BD127
pchD,BD48
pchD,BD54
pchD,E7
pchF,BD61
pdxH,BD127
pdxH,BD158
pdxH,BD48
pdxH,BD54
pdxH,BD61
pdxH,E7
pdxS,BD117
pdxS,BD120
pdxS,BD126
pdxS,BD132
pdxS,BD139
pdxS,BD160
pdxS,BD162
pdxS,BD163
pdxS,BD50
pdxS,BD9
pdxS,BG1
pdxT,BD117
pdxT,BD120
pdxT,BD126
pdxT,BD132
pdxT,BD139
pdxT,BD160
pdxT,BD162
pdxT,BD163
pdxT,BD50
pdxT,BD9
pdxT,BG1
pelC,BD120
pelC,BD126
pepP,BD117
pepP,BD120
pepP,BD126
pepP,BD127
pepP,BD132
pepP,BD139
pepP,BD158
pepP,BD160
pepP,BD162
pepP,BD163
pepP,BD48
pepP,BD50
pepP,BD54
pepP,BD61
pepP,BD9
pepP,BG1
pepP,E7
pepQ,BD120
pepQ,BD126
pepQ,BD132
pepQ,BD139
pepQ,BD158
pepQ,BD160
pepQ,BD162
pepQ,BD163
pepQ,BD50
pepQ,BD61
pepQ,BD9
pepQ,BG1
petH,BD127
pgdA,BD120
pgdA,BD126
pgdA,BD127
pgdA,BD132
pgdA,BD139
pgdA,BD158
pgdA,BD160
pgdA,BD162
pgdA,BD163
pgdA,BD48
pgdA,BD50
pgdA,BD54
pgdA,BD9
pgdA,BG1
pgdA,E7
phnJ,BD127
phnJ,BD61
phnX,BD127
phnX,BD139
phnX,BD48
phnX,BD54
phnX,E7
phoD,BD117
phoD,BD120
phoD,BD126
phoD,BD132
phoD,BD139
phoD,BD158
phoD,BD160
phoD,BD162
phoD,BD163
phoD,BD48
phoD,BD50
phoD,BD54
phoD,BD61
phoD,BD9
phoD,BG1
phoD,E7
pip,BD117
pip,BD120
pip,BD126
pip,BD127
pip,BD139
pip,BD61
plc,BD127
plc,BD48
plc,BD54
plc,E7
pldA,BD158
pldA,BD48
pldA,BD54
pldA,E7
pldB,BD120
pldB,BD126
pldB,BD127
pldB,BD132
pldB,BD139
pldB,BD158
pldB,BD160
pldB,BD162
pldB,BD163
pldB,BD50
pldB,BD61
pldB,BD9
pldB,BG1
pleD,BD61
pncA,BD117
pncA,BD158
pncA,BD48
pncA,BD54
pncA,BD61
pncA,E7
pncC,BD117
pncC,BD120
pncC,BD126
pncC,BD132
pncC,BD139
pncC,BD158
pncC,BD160
pncC,BD162
pncC,BD163
pncC,BD48
pncC,BD50
pncC,BD54
pncC,BD61
pncC,BD9
pncC,BG1
pncC,E7
pobA,BD158
pobA,BD48
pobA,BD54
pobA,BD61
pobA,E7
ppa,BD117
ppa,BD127
ppa,BD158
ppa,BD163
ppa,BD48
ppa,BD54
ppa,BD61
ppa,E7
ppaX,BD120
ppaX,BD126
ppaX,BD132
ppaX,BD139
ppaX,BD160
ppaX,BD162
ppaX,BD163
ppaX,BD50
ppaX,BD9
ppaX,BG1
ppc,BD127
ppc,BD158
ppc,BD163
ppc,BD48
ppc,BD54
ppc,E7
pphA,BD127
pphA,BD139
pphA,BD61
psuG,BD139
puo,BD117
puuB,BD127
puuB,BD158
puuB,BD48
puuB,BD54
puuB,BD61
puuB,E7
puuE,BD120
puuE,BD126
puuE,BD127
puuE,BD132
puuE,BD160
puuE,BD162
puuE,BD163
puuE,BD48
puuE,BD50
puuE,BD54
puuE,BD9
puuE,BG1
puuE,E7
pydC,BD117
pydC,BD127
pydC,BD139
pydC,BD162
pydC,BD163
pydC,BD61
pydC,BD9
pydC,BG1
pylD,BD117
pyrG,BD117
pyrG,BD120
pyrG,BD126
pyrG,BD127
pyrG,BD132
pyrG,BD139
pyrG,BD158
pyrG,BD160
pyrG,BD162
pyrG,BD163
pyrG,BD48
pyrG,BD50
pyrG,BD54
pyrG,BD61
pyrG,BD9
pyrG,BG1
pyrG,E7
pyrR,BD117
pyrR,BD120
pyrR,BD126
pyrR,BD132
pyrR,BD139
pyrR,BD160
pyrR,BD162
pyrR,BD163
pyrR,BD50
pyrR,BD9
pyrR,BG1
qcrA,BD117
qcrA,BD120
qcrA,BD126
qcrA,BD132
qcrA,BD139
qcrA,BD160
qcrA,BD162
qcrA,BD163
qcrA,BD50
qcrA,BD9
qcrA,BG1
qcrB,BD117
qcrB,BD120
qcrB,BD126
qcrB,BD132
qcrB,BD139
qcrB,BD160
qcrB,BD162
qcrB,BD163
qcrB,BD50
qcrB,BD9
qcrB,BG1
qcrC,BD117
qcrC,BD120
qcrC,BD126
qcrC,BD132
qcrC,BD139
qcrC,BD160
qcrC,BD162
qcrC,BD163
qcrC,BD50
qcrC,BD9
qcrC,BG1
qodI,BD120
qodI,BD126
qodI,BD132
qodI,BD160
qodI,BD50
qor,BD117
qor,BD127
qor,BD132
qor,BD139
qor,BD158
qor,BD160
qor,BD162
qor,BD163
qor,BD48
qor,BD50
qor,BD54
qor,BD61
qor,BD9
qor,BG1
qor,E7
qorB,BD132
qorB,BD139
qorB,BD160
qorB,BD50
queC,BD120
queC,BD126
queC,BD127
queC,BD132
queC,BD139
queC,BD158
queC,BD160
queC,BD162
queC,BD163
queC,BD48
queC,BD50
queC,BD54
queC,BD61
queC,BD9
queC,BG1
queC,E7
queD,BD120
queD,BD126
queD,BD127
queD,BD132
queD,BD139
queD,BD160
queD,BD162
queD,BD163
queD,BD48
queD,BD50
queD,BD54
queD,BD61
queD,BD9
queD,BG1
queD,E7
queE,BD120
queE,BD126
queE,BD127
queE,BD132
queE,BD139
queE,BD158
queE,BD160
queE,BD162
queE,BD163
queE,BD48
queE,BD50
queE,BD54
queE,BD61
queE,BD9
queE,BG1
queE,E7
quiC,BD48
quiC,BD54
quiC,E7
racD,BD120
racD,BD126
racD,BD127
racD,BD132
racD,BD139
racD,BD158
racD,BD160
racD,BD162
racD,BD48
racD,BD50
racD,BD54
racD,BD9
racD,BG1
racD,E7
ramA,BD158
ribD,BD117
ribD,BD120
ribD,BD126
ribD,BD127
ribD,BD132
ribD,BD139
ribD,BD158
ribD,BD160
ribD,BD162
ribD,BD163
ribD,BD48
ribD,BD50
ribD,BD54
ribD,BD61
ribD,BD9
ribD,BG1
ribD,E7
ribD1,BD158
ribD1,BD48
ribD1,BD54
ribD1,E7
ridA,BD120
ridA,BD126
ridA,BD127
ridA,BD132
ridA,BD139
ridA,BD158
ridA,BD160
ridA,BD162
ridA,BD163
ridA,BD48
ridA,BD50
ridA,BD54
ridA,BD9
ridA,BG1
ridA,E7
scoA,BD117
scoA,BD120
scoA,BD126
scoA,BD127
scoA,BD139
scoA,BD158
scoA,BD162
scoA,BD163
scoA,BD48
scoA,BD54
scoA,BD9
scoA,BG1
scoA,E7
scoB,BD117
scoB,BD120
scoB,BD126
scoB,BD127
scoB,BD139
scoB,BD158
scoB,BD162
scoB,BD163
scoB,BD48
scoB,BD54
scoB,BD9
scoB,BG1
scoB,E7
sfnG,BD163
sfnG,BD48
sfnG,BD54
sfnG,E7
siaD,BD127
siaD,BD48
siaD,BD54
siaD,E7
soxA,BD139
soxA,BD158
soxA,BD61
soxB,BD127
soxB,BD158
soxB,BD163
soxB,BD61
soxD,BD158
soxD,BD61
soxG,BD158
soxG,BD61
speA,BD120
speA,BD126
speA,BD132
speA,BD139
speA,BD158
speA,BD160
speA,BD162
speA,BD163
speA,BD50
speA,BD9
speA,BG1
ssuD,BD120
ssuD,BD126
ssuD,BD132
ssuD,BD158
ssuD,BD160
ssuD,BD162
ssuD,BD163
ssuD,BD48
ssuD,BD50
ssuD,BD54
ssuD,BD61
ssuD,BD9
ssuD,BG1
ssuD,E7
ssuE,BD117
ssuE,BD127
ssuE,BD158
ssuE,BD163
ssuE,BD48
ssuE,BD54
ssuE,E7
surE,BD127
surE,BD139
surE,BD158
surE,BD48
surE,BD54
surE,BD61
surE,E7
tadA,BD117
tadA,BD120
tadA,BD126
tadA,BD127
tadA,BD132
tadA,BD139
tadA,BD158
tadA,BD160
tadA,BD162
tadA,BD163
tadA,BD48
tadA,BD50
tadA,BD54
tadA,BD61
tadA,BD9
tadA,BG1
tadA,E7
talrD-galrD,BD158
talrD-galrD,BD61
tauX,BD61
tauY,BD127
tauY,BD61
tdk,BD117
tdk,BD120
tdk,BD126
tdk,BD132
tdk,BD139
tdk,BD160
tdk,BD162
tdk,BD163
tdk,BD50
tdk,BD9
tdk,BG1
tenA,BD120
tenA,BD126
tenA,BD127
tenA,BD132
tenA,BD139
tenA,BD160
tenA,BD162
tenA,BD163
tenA,BD48
tenA,BD50
tenA,BD54
tenA,BD61
tenA,BD9
tenA,BG1
tenA,E7
tesA,BD127
tesA,BD158
tesA,BD48
tesA,BD54
tesA,BD61
tesA,E7
tesB,BD117
tesB,BD158
tesB,BD48
tesB,BD54
tesB,BD61
tesB,E7
tgl,BD120
tgl,BD126
tgl,BD132
tgl,BD139
tgl,BD160
tgl,BD162
tgl,BD163
tgl,BD50
tgl,BD9
tgl,BG1
thiC,BD117
thiC,BD120
thiC,BD126
thiC,BD127
thiC,BD132
thiC,BD139
thiC,BD158
thiC,BD160
thiC,BD162
thiC,BD163
thiC,BD48
thiC,BD50
thiC,BD54
thiC,BD9
thiC,BG1
thiC,E7
thiO,BD117
thiO,BD120
thiO,BD126
thiO,BD132
thiO,BD139
thiO,BD158
thiO,BD160
thiO,BD162
thiO,BD163
thiO,BD48
thiO,BD50
thiO,BD54
thiO,BD61
thiO,BD9
thiO,BG1
thiO,E7
thyA,BD117
thyA,BD120
thyA,BD126
thyA,BD127
thyA,BD132
thyA,BD139
thyA,BD158
thyA,BD160
thyA,BD162
thyA,BD163
thyA,BD48
thyA,BD50
thyA,BD54
thyA,BD61
thyA,BD9
thyA,BG1
thyA,E7
tmk,BD117
tmk,BD120
tmk,BD126
tmk,BD127
tmk,BD132
tmk,BD139
tmk,BD158
tmk,BD160
tmk,BD162
tmk,BD163
tmk,BD48
tmk,BD50
tmk,BD54
tmk,BD61
tmk,BD9
tmk,BG1
tmk,E7
tmoF,BD120
tmoF,BD126
tmoF,BD132
tmoF,BD139
tmoF,BD160
tmoF,BD162
tmoF,BD163
tmoF,BD50
tmoF,BD9
tmoF,BG1
topA,BD117
topA,BD120
topA,BD126
topA,BD132
topA,BD139
topA,BD158
topA,BD160
topA,BD162
topA,BD163
topA,BD48
topA,BD50
topA,BD54
topA,BD61
topA,BD9
topA,BG1
topA,E7
topB,BD120
topB,BD126
topB,BD127
topB,BD132
topB,BD139
topB,BD158
topB,BD160
topB,BD162
topB,BD163
topB,BD50
topB,BD9
topB,BG1
tpbB,BD48
tpbB,BD54
tpbB,E7
tpx,BD117
tpx,BD120
tpx,BD126
tpx,BD132
tpx,BD139
tpx,BD158
tpx,BD160
tpx,BD162
tpx,BD163
tpx,BD50
tpx,BD9
tpx,BG1
trpE,BD117
trpE,BD120
trpE,BD126
trpE,BD127
trpE,BD132
trpE,BD139
trpE,BD158
trpE,BD160
trpE,BD162
trpE,BD163
trpE,BD48
trpE,BD50
trpE,BD54
trpE,BD9
trpE,BG1
trpE,E7
trpEG,BD61
trpG,BD117
trpG,BD127
trpG,BD158
trpG,BD48
trpG,BD54
trpG,E7
trpGD,BD120
trpGD,BD126
trpGD,BD132
trpGD,BD139
trpGD,BD160
trpGD,BD162
trpGD,BD163
trpGD,BD50
trpGD,BD61
trpGD,BD9
trpGD,BG1
trxB,BD117
trxB,BD120
trxB,BD126
trxB,BD127
trxB,BD132
trxB,BD139
trxB,BD158
trxB,BD160
trxB,BD162
trxB,BD163
trxB,BD48
trxB,BD50
trxB,BD54
trxB,BD61
trxB,BD9
trxB,BG1
trxB,E7
ubiX,BD120
ubiX,BD126
ubiX,BD127
ubiX,BD139
ubiX,BD158
ubiX,BD162
ubiX,BD163
ubiX,BD61
ubiX,BD9
ubiX,BG1
udp,BD139
upp,BD117
upp,BD120
upp,BD126
upp,BD127
upp,BD132
upp,BD139
upp,BD158
upp,BD160
upp,BD162
upp,BD163
upp,BD48
upp,BD50
upp,BD54
upp,BD61
upp,BD9
upp,BG1
upp,E7
ureA,BD117
ureA,BD120
ureA,BD126
ureA,BD158
ureA,BD162
ureA,BD163
ureA,BD48
ureA,BD54
ureA,BD61
ureA,BD9
ureA,BG1
ureA,E7
ureAB,BD117
ureAB,BD158
ureAB,BD61
ureB,BD117
ureB,BD120
ureB,BD126
ureB,BD158
ureB,BD162
ureB,BD163
ureB,BD48
ureB,BD54
ureB,BD61
ureB,BD9
ureB,BG1
ureB,E7
ureC,BD117
ureC,BD120
ureC,BD126
ureC,BD158
ureC,BD162
ureC,BD163
ureC,BD48
ureC,BD54
ureC,BD61
ureC,BD9
ureC,BG1
ureC,E7
ushA,BD120
ushA,BD126
ushA,BD132
ushA,BD139
ushA,BD160
ushA,BD162
ushA,BD48
ushA,BD50
ushA,BD54
ushA,BD9
ushA,BG1
ushA,E7
vanA,BD158
vanA,BD48
vanA,BD54
vanA,E7
vanB,BD48
vanB,BD54
vanB,E7
wrbA,BD120
wrbA,BD126
wrbA,BD132
wrbA,BD158
wrbA,BD160
wrbA,BD162
wrbA,BD163
wrbA,BD48
wrbA,BD50
wrbA,BD54
wrbA,BD61
wrbA,BD9
wrbA,BG1
wrbA,E7
wspR,BD127
wspR,BD48
wspR,BD54
wspR,E7
xylC,BD158
xylC,BD61
yahK,BD132
yahK,BD158
yahK,BD160
yahK,BD162
yahK,BD163
yahK,BD48
yahK,BD50
yahK,BD54
yahK,BD61
yahK,BD9
yahK,BG1
yahK,E7
ydbD,BD120
ydbD,BD126
ydbD,BD160
ydbD,BD162
ydbD,BD163
ydbD,BD9
ydbD,BG1
yfkN,BD120
yfkN,BD126
yfkN,BD132
yfkN,BD139
yfkN,BD160
yfkN,BD162
yfkN,BD163
yfkN,BD50
yfkN,BD9
yfkN,BG1
yiaY,BD160
yiaY,BD163
yiaY,BD48
yiaY,BD54
yiaY,E7
ylbA,BD158
ylbA,BD61
yueD,BD120
yueD,BD126
yueD,BD132
yueD,BD160
yueD,BD162
yueD,BD50
yueD,BD9
yueD,BG1
yvaK,BD117
yvaK,BD120
yvaK,BD126
yvaK,BD127
yvaK,BD132
yvaK,BD139
yvaK,BD160
yvaK,BD162
yvaK,BD163
yvaK,BD50
yvaK,BD9
yvaK,BG1
ywaD,BD120
ywaD,BD126
ywaD,BD139
ywaD,BD163
