target_class,model_version,guild_id,selected,member_count,members,compound_count,compounds
Aliphatic,strict_metal,Aliphatic_STRICT_G01,True,1,BD127,43,"1,1,2-Trichloroethane;1,2,3-Trichloropropane;1,2-Dichloroethane;1,3-Dichloro-2-propanol;1,4-Dioxane;2-Ethoxyethanol;2-Nitropropane;3-Carboxy-cis,cis-muconate;3-Chloro-2-methylpropene;4-Methylimidazole;Acetaldehyde;Acetamide;Acrylamide;Acrylonitrile;BHC;Bis(2-chloroethyl)ether;Chloral hydrate;Chloroform;Cyclohexyl isocyanide;Digoxin;Epichlorohydrin;Ethanol;Ethyl acrylate;Ethyl methanesulfonate;Formaldehyde;Glycidaldehyde;Methane;Methyl bromide;Methyl chloride;Methyl isobutyl ketone;Methylnitrosourea;Streptozocin;Thioacetamide;Thiouracil;Trichloroethene;Vinyl acetate;Vinyl fluoride;alpha-Chlorohydrin;alpha-Hexachlorocyclohexane;beta-1,2,3,4,5,6-Hexachlorocyclohexane;beta-Butyrolactone;cis-1,3-Dichloropropene;trans-1,3-Dichloropropene"
Aliphatic,strict_metal,Aliphatic_STRICT_G02,True,1,BD163,43,"1,1,2,2-Tetrachloroethane;1,1,2-Trichloroethane;1,2,3-Trichloropropane;1,2-Dichloroethane;1,3-Dichloro-2-propanol;1,4-Dioxane;2-Ethoxyethanol;2-Nitropropane;3-Chloro-2-methylpropene;4-(N-Nitrosomethylamino)-1-(3-pyridyl)-1-butanone;4-Methylimidazole;Acetaldehyde;Acetamide;Acrylamide;Aziridine;Bis(2-chloroethyl)ether;Chloral;Chloral hydrate;Chloroform;Digoxin;Epichlorohydrin;Ethanol;Ethyl acrylate;Ethyl methanesulfonate;Formaldehyde;Glu-P-1;Glycidaldehyde;Methyl bromide;Methyl chloride;Methyl isobutyl ketone;Methyl tert-butyl ether;Methylnitrosourea;Propylthiouracil;Streptozocin;Thioacetamide;Thiouracil;Trichloroethene;Vinyl acetate;alpha-Chlorohydrin;alpha-Hexachlorocyclohexane;beta-1,2,3,4,5,6-Hexachlorocyclohexane;cis-1,3-Dichloropropene;trans-1,3-Dichloropropene"
Aliphatic,strict_metal,Aliphatic_STRICT_G03,False,3,BD132;BD160;BD50,41,"1,1,2,2-Tetrachloroethane;1,1,2-Trichloroethane;1,2,3-Trichloropropane;1,2-Dichloroethane;1,4-Dioxane;2-Ethoxyethanol;2-Nitropropane;3-Chloro-2-methylpropene;4-(N-Nitrosomethylamino)-1-(3-pyridyl)-1-butanone;4-Methylimidazole;Acetaldehyde;Acetamide;Acrylamide;Aziridine;Bis(2-chloroethyl)ether;Chloral;Chloral hydrate;Chloroform;Epichlorohydrin;Ethanol;Ethyl acrylate;Ethyl methanesulfonate;Formaldehyde;Glu-P-1;Glycidaldehyde;Methyl bromide;Methyl chloride;Methyl isobutyl ketone;Methyl tert-butyl ether;Methylnitrosourea;Propylthiouracil;Streptozocin;Thioacetamide;Thiouracil;Trichloroethene;Vinyl acetate;alpha-Chlorohydrin;alpha-Hexachlorocyclohexane;beta-1,2,3,4,5,6-Hexachlorocyclohexane;cis-1,3-Dichloropropene;trans-1,3-Dichloropropene"
Aliphatic,strict_metal,Aliphatic_STRICT_G04,False,2,BD120;BD126,39,"1,1,2,2-Tetrachloroethane;1,1,2-Trichloroethane;1,2,3-Trichloropropane;1,2-Dichloroethane;1,4-Dioxane;2-Ethoxyethanol;2-Nitropropane;3-Chloro-2-methylpropene;4-(N-Nitrosomethylamino)-1-(3-pyridyl)-1-butanone;4-Methylimidazole;Acetaldehyde;Aziridine;Bis(2-chloroethyl)ether;Chloral;Chloral hydrate;Chloroform;Digoxin;Epichlorohydrin;Ethanol;Ethyl methanesulfonate;Formaldehyde;Glu-P-1;Glycidaldehyde;Methyl bromide;Methyl chloride;Methyl isobutyl ketone;Methyl tert-butyl ether;Methylnitrosourea;Propylthiouracil;Streptozocin;Thioacetamide;Thiouracil;Trichloroethene;Vinyl acetate;alpha-Chlorohydrin;alpha-Hexachlorocyclohexane;beta-1,2,3,4,5,6-Hexachlorocyclohexane;cis-1,3-Dichloropropene;trans-1,3-Dichloropropene"
Aliphatic,strict_metal,Aliphatic_STRICT_G05,True,3,BD48;BD54;E7,34,"1,1,1-Trichloroethane;1,1,2,2-Tetrachloroethane;1,1-Dimethylhydrazine;1,2-Epoxybutane;1,4-Dioxane;2-Ethoxyethanol;2-Nitropropane;3-Carboxy-cis,cis-muconate;4-Methylimidazole;Acetaldehyde;Acetamide;Acrylamide;Aziridine;Chloral hydrate;Chloroform;Epichlorohydrin;Ethanol;Ethyl acrylate;Ethyl methanesulfonate;Ethylene glycol;Formaldehyde;Glycidaldehyde;Methane;Methyl bromide;Methyl chloride;Methyl isobutyl ketone;Methyl tert-butyl ether;Methylnitrosourea;Streptozocin;Thioacetamide;Thiouracil;Trichloroethene;Vinyl acetate;alpha-Chlorohydrin"
Aliphatic,strict_metal,Aliphatic_STRICT_G06,False,1,BD61,31,"1,1,2,2-Tetrachloroethane;1,1-Dimethylhydrazine;1,4-Dioxane;2-Ethoxyethanol;2-Nitropropane;3-Carboxy-cis,cis-muconate;4-Methylimidazole;Acetaldehyde;Acetamide;Acrylamide;Aziridine;BHC;Chloral hydrate;Digoxin;Epichlorohydrin;Ethanol;Ethyl acrylate;Ethyl methanesulfonate;Formaldehyde;Glycidaldehyde;Methane;Methyl bromide;Methyl isobutyl ketone;Methyl tert-butyl ether;Streptozocin;Thioacetamide;Thiouracil;Trichloroethene;Vinyl fluoride;alpha-Chlorohydrin;beta-Butyrolactone"
Aliphatic,strict_metal,Aliphatic_STRICT_G07,False,1,BD158,30,"1,1,2,2-Tetrachloroethane;1,1-Dimethylhydrazine;1,4-Dioxane;2-Ethoxyethanol;2-Nitropropane;3-Carboxy-cis,cis-muconate;4-Methylimidazole;Acetaldehyde;Acetamide;Acrylamide;BHC;Chloral hydrate;Digoxin;Epichlorohydrin;Ethanol;Ethyl acrylate;Ethyl methanesulfonate;Formaldehyde;Glycidaldehyde;Methyl bromide;Methyl isobutyl ketone;Methyl tert-butyl ether;Methylnitrosourea;Streptozocin;Thioacetamide;Thiouracil;Trichloroethene;Vinyl fluoride;alpha-Chlorohydrin;beta-Butyrolactone"
Aliphatic,strict_metal,Aliphatic_STRICT_G08,False,3,BD162;BD9;BG1,30,"1,1,2,2-Tetrachloroethane;1,3-Dichloro-2-propanol;1,4-Dioxane;2-Ethoxyethanol;2-Nitropropane;4-(N-Nitrosomethylamino)-1-(3-pyridyl)-1-butanone;4-Methylimidazole;Acetaldehyde;Acetone;Aziridine;Chloral;Chloral hydrate;Digoxin;Epichlorohydrin;Ethanol;Ethyl methanesulfonate;Formaldehyde;Glu-P-1;Glycidaldehyde;Methyl bromide;Methyl isobutyl ketone;Methyl tert-butyl ether;Methylnitrosourea;Propylthiouracil;Streptozocin;Thioacetamide;Thiouracil;Trichloroethene;Vinyl acetate;alpha-Chlorohydrin"
Aliphatic,strict_metal,Aliphatic_STRICT_G09,True,1,BD117,27,"1,4-Dioxane;2-Ethoxyethanol;2-Nitropropane;4-Methylimidazole;Acetaldehyde;Acetamide;Acetone;Acrylamide;Aziridine;Chloral hydrate;Epichlorohydrin;Ethanol;Ethyl acrylate;Ethyl methanesulfonate;Ethylene oxide;Formaldehyde;Glycidaldehyde;Methane;Methyl bromide;Methyl isobutyl ketone;Methyl tert-butyl ether;Methylnitrosourea;Streptozocin;Thioacetamide;Thiouracil;Vinyl acetate;alpha-Chlorohydrin"
Aliphatic,strict_metal,Aliphatic_STRICT_G10,False,1,BD139,26,"1,4-Dioxane;2-Ethoxyethanol;2-Nitropropane;4-Methylimidazole;Acetaldehyde;Acetamide;Acrylamide;Aziridine;Chloral hydrate;Digoxin;Epichlorohydrin;Ethanol;Ethyl acrylate;Ethyl methanesulfonate;Formaldehyde;Glu-P-1;Glycidaldehyde;Methyl bromide;Methyl isobutyl ketone;Methyl tert-butyl ether;Methylnitrosourea;Streptozocin;Thioacetamide;Thiouracil;Vinyl acetate;alpha-Chlorohydrin"
Aliphatic,relaxed_all_annotated,Aliphatic_ALL_G01,False,1,BD127,43,"1,1,2-Trichloroethane;1,2,3-Trichloropropane;1,2-Dichloroethane;1,3-Dichloro-2-propanol;1,4-Dioxane;2-Ethoxyethanol;2-Nitropropane;3-Carboxy-cis,cis-muconate;3-Chloro-2-methylpropene;4-Methylimidazole;Acetaldehyde;Acetamide;Acrylamide;Acrylonitrile;BHC;Bis(2-chloroethyl)ether;Chloral hydrate;Chloroform;Cyclohexyl isocyanide;Digoxin;Epichlorohydrin;Ethanol;Ethyl acrylate;Ethyl methanesulfonate;Formaldehyde;Glycidaldehyde;Methane;Methyl bromide;Methyl chloride;Methyl isobutyl ketone;Methylnitrosourea;Streptozocin;Thioacetamide;Thiouracil;Trichloroethene;Vinyl acetate;Vinyl fluoride;alpha-Chlorohydrin;alpha-Hexachlorocyclohexane;beta-1,2,3,4,5,6-Hexachlorocyclohexane;beta-Butyrolactone;cis-1,3-Dichloropropene;trans-1,3-Dichloropropene"
Aliphatic,relaxed_all_annotated,Aliphatic_ALL_G02,True,1,BD145,43,"1,1,2-Trichloroethane;1,1-Dimethylhydrazine;1,2,3-Trichloropropane;1,2-Dichloroethane;2-Nitropropane;3-Carboxy-cis,cis-muconate;3-Chloro-2-methylpropene;4-Methylimidazole;Acetaldehyde;Acetamide;Acetone;Acrylamide;Acrylonitrile;Aziridine;BHC;Bis(2-chloroethyl)ether;Chloral hydrate;Chloroform;Cyclohexyl isocyanide;Digoxin;Epichlorohydrin;Ethanol;Ethyl acrylate;Formaldehyde;Glycidaldehyde;Methane;Methyl bromide;Methyl chloride;Methyl isobutyl ketone;Methylnitrosourea;N,N-Dimethylformamide;Streptozocin;Thioacetamide;Thiouracil;Trichloroethene;Vinyl acetate;Vinyl fluoride;alpha-Chlorohydrin;alpha-Hexachlorocyclohexane;beta-1,2,3,4,5,6-Hexachlorocyclohexane;beta-Butyrolactone;cis-1,3-Dichloropropene;trans-1,3-Dichloropropene"
Aliphatic,relaxed_all_annotated,Aliphatic_ALL_G03,False,2,BD163;BD166,43,"1,1,2,2-Tetrachloroethane;1,1,2-Trichloroethane;1,2,3-Trichloropropane;1,2-Dichloroethane;1,3-Dichloro-2-propanol;1,4-Dioxane;2-Ethoxyethanol;2-Nitropropane;3-Chloro-2-methylpropene;4-(N-Nitrosomethylamino)-1-(3-pyridyl)-1-butanone;4-Methylimidazole;Acetaldehyde;Acetamide;Acrylamide;Aziridine;Bis(2-chloroethyl)ether;Chloral;Chloral hydrate;Chloroform;Digoxin;Epichlorohydrin;Ethanol;Ethyl acrylate;Ethyl methanesulfonate;Formaldehyde;Glu-P-1;Glycidaldehyde;Methyl bromide;Methyl chloride;Methyl isobutyl ketone;Methyl tert-butyl ether;Methylnitrosourea;Propylthiouracil;Streptozocin;Thioacetamide;Thiouracil;Trichloroethene;Vinyl acetate;alpha-Chlorohydrin;alpha-Hexachlorocyclohexane;beta-1,2,3,4,5,6-Hexachlorocyclohexane;cis-1,3-Dichloropropene;trans-1,3-Dichloropropene"
Aliphatic,relaxed_all_annotated,Aliphatic_ALL_G04,False,5,BD132;BD143;BD149;BD160;BD50,41,"1,1,2,2-Tetrachloroethane;1,1,2-Trichloroethane;1,2,3-Trichloropropane;1,2-Dichloroethane;1,4-Dioxane;2-Ethoxyethanol;2-Nitropropane;3-Chloro-2-methylpropene;4-(N-Nitrosomethylamino)-1-(3-pyridyl)-1-butanone;4-Methylimidazole;Acetaldehyde;Acetamide;Acrylamide;Aziridine;Bis(2-chloroethyl)ether;Chloral;Chloral hydrate;Chloroform;Epichlorohydrin;Ethanol;Ethyl acrylate;Ethyl methanesulfonate;Formaldehyde;Glu-P-1;Glycidaldehyde;Methyl bromide;Methyl chloride;Methyl isobutyl ketone;Methyl tert-butyl ether;Methylnitrosourea;Propylthiouracil;Streptozocin;Thioacetamide;Thiouracil;Trichloroethene;Vinyl acetate;alpha-Chlorohydrin;alpha-Hexachlorocyclohexane;beta-1,2,3,4,5,6-Hexachlorocyclohexane;cis-1,3-Dichloropropene;trans-1,3-Dichloropropene"
Aliphatic,relaxed_all_annotated,Aliphatic_ALL_G05,False,3,BD120;BD126;BD81,39,"1,1,2,2-Tetrachloroethane;1,1,2-Trichloroethane;1,2,3-Trichloropropane;1,2-Dichloroethane;1,4-Dioxane;2-Ethoxyethanol;2-Nitropropane;3-Chloro-2-methylpropene;4-(N-Nitrosomethylamino)-1-(3-pyridyl)-1-butanone;4-Methylimidazole;Acetaldehyde;Aziridine;Bis(2-chloroethyl)ether;Chloral;Chloral hydrate;Chloroform;Digoxin;Epichlorohydrin;Ethanol;Ethyl methanesulfonate;Formaldehyde;Glu-P-1;Glycidaldehyde;Methyl bromide;Methyl chloride;Methyl isobutyl ketone;Methyl tert-butyl ether;Methylnitrosourea;Propylthiouracil;Streptozocin;Thioacetamide;Thiouracil;Trichloroethene;Vinyl acetate;alpha-Chlorohydrin;alpha-Hexachlorocyclohexane;beta-1,2,3,4,5,6-Hexachlorocyclohexane;cis-1,3-Dichloropropene;trans-1,3-Dichloropropene"
Aliphatic,relaxed_all_annotated,Aliphatic_ALL_G06,False,1,BD161,38,"1,1,2-Trichloroethane;1,2,3-Trichloropropane;1,2-Dichloroethane;1,4-Dioxane;2-Ethoxyethanol;2-Nitropropane;3-Chloro-2-methylpropene;4-(N-Nitrosomethylamino)-1-(3-pyridyl)-1-butanone;4-Methylimidazole;Acetaldehyde;Acetone;Aziridine;Bis(2-chloroethyl)ether;Chloral;Chloral hydrate;Chloroform;Digoxin;Epichlorohydrin;Ethanol;Ethyl methanesulfonate;Formaldehyde;Glu-P-1;Glycidaldehyde;Methyl bromide;Methyl chloride;Methyl isobutyl ketone;Methyl tert-butyl ether;Propylthiouracil;Streptozocin;Thioacetamide;Thiouracil;Trichloroethene;Vinyl acetate;alpha-Chlorohydrin;alpha-Hexachlorocyclohexane;beta-1,2,3,4,5,6-Hexachlorocyclohexane;cis-1,3-Dichloropropene;trans-1,3-Dichloropropene"
Aliphatic,relaxed_all_annotated,Aliphatic_ALL_G07,False,3,BD48;BD54;E7,34,"1,1,1-Trichloroethane;1,1,2,2-Tetrachloroethane;1,1-Dimethylhydrazine;1,2-Epoxybutane;1,4-Dioxane;2-Ethoxyethanol;2-Nitropropane;3-Carboxy-cis,cis-muconate;4-Methylimidazole;Acetaldehyde;Acetamide;Acrylamide;Aziridine;Chloral hydrate;Chloroform;Epichlorohydrin;Ethanol;Ethyl acrylate;Ethyl methanesulfonate;Ethylene glycol;Formaldehyde;Glycidaldehyde;Methane;Methyl bromide;Methyl chloride;Methyl isobutyl ketone;Methyl tert-butyl ether;Methylnitrosourea;Streptozocin;Thioacetamide;Thiouracil;Trichloroethene;Vinyl acetate;alpha-Chlorohydrin"
Aliphatic,relaxed_all_annotated,Aliphatic_ALL_G08,False,9,BD101;BD105;BD106;BD107;BD108;BD77;BD83;BD95;BD96,33,"1,1,1-Trichloroethane;1,2-Epoxybutane;1,4-Dioxane;2-Ethoxyethanol;2-Nitropropane;4-Methylimidazole;Acetaldehyde;Acetamide;Acetone;Acrylamide;Aziridine;Chloral hydrate;Chloroform;Digoxin;Epichlorohydrin;Ethanol;Ethyl acrylate;Ethyl methanesulfonate;Formaldehyde;Glycidaldehyde;Methane;Methyl bromide;Methyl chloride;Methyl isobutyl ketone;Methyl tert-butyl ether;Methylnitrosourea;Streptozocin;Thioacetamide;Thiouracil;Trichloroethene;Vinyl acetate;Vinyl fluoride;alpha-Chlorohydrin"
Aliphatic,relaxed_all_annotated,Aliphatic_ALL_G09,True,1,BD67,33,"1,1-Dimethylhydrazine;1,4-Dioxane;2-Ethoxyethanol;2-Nitropropane;4-Methylimidazole;Acetaldehyde;Acetamide;Acrylamide;Aziridine;BHC;Chloral hydrate;Chloroform;Cyclohexyl isocyanide;Digoxin;Epichlorohydrin;Ethanol;Ethyl acrylate;Ethyl methanesulfonate;Formaldehyde;Glycidaldehyde;Methane;Methyl bromide;Methyl isobutyl ketone;Methyl tert-butyl ether;N-Nitrosomorpholine;Streptozocin;Thioacetamide;Thiouracil;Trichloroethene;Vinyl acetate;Vinyl fluoride;alpha-Chlorohydrin;beta-Butyrolactone"
Aliphatic,relaxed_all_annotated,Aliphatic_ALL_G10,False,2,BD72;BD73,33,"1,1,2,2-Tetrachloroethane;1,4-Dioxane;2-Ethoxyethanol;2-Nitropropane;4-(N-Nitrosomethylamino)-1-(3-pyridyl)-1-butanone;4-Methylimidazole;Acetaldehyde;Acetamide;Acrylamide;Aziridine;Chloral;Chloral hydrate;Chloroform;Digoxin;Epichlorohydrin;Ethanol;Ethyl acrylate;Ethyl methanesulfonate;Formaldehyde;Glu-P-1;Glycidaldehyde;Methyl bromide;Methyl isobutyl ketone;Methyl tert-butyl ether;Methylnitrosourea;Propylthiouracil;Streptozocin;Thioacetamide;Thiouracil;Trichloroethene;Vinyl acetate;Vinyl fluoride;alpha-Chlorohydrin"
Aliphatic,relaxed_all_annotated,Aliphatic_ALL_G11,False,2,AP1BH01-1;BD61,31,"1,1,2,2-Tetrachloroethane;1,1-Dimethylhydrazine;1,4-Dioxane;2-Ethoxyethanol;2-Nitropropane;3-Carboxy-cis,cis-muconate;4-Methylimidazole;Acetaldehyde;Acetamide;Acrylamide;Aziridine;BHC;Chloral hydrate;Digoxin;Epichlorohydrin;Ethanol;Ethyl acrylate;Ethyl methanesulfonate;Formaldehyde;Glycidaldehyde;Methane;Methyl bromide;Methyl isobutyl ketone;Methyl tert-butyl ether;Streptozocin;Thioacetamide;Thiouracil;Trichloroethene;Vinyl fluoride;alpha-Chlorohydrin;beta-Butyrolactone"
Aliphatic,relaxed_all_annotated,Aliphatic_ALL_G12,False,3,BD121;BD129;BD165,31,"1,1,2,2-Tetrachloroethane;1,3-Dichloro-2-propanol;1,4-Dioxane;2-Ethoxyethanol;2-Nitropropane;4-(N-Nitrosomethylamino)-1-(3-pyridyl)-1-butanone;4-Methylimidazole;Acetaldehyde;Acetamide;Acrylamide;Aziridine;Chloral;Chloral hydrate;Digoxin;Epichlorohydrin;Ethanol;Ethyl acrylate;Ethyl methanesulfonate;Formaldehyde;Glu-P-1;Glycidaldehyde;Methyl bromide;Methyl isobutyl ketone;Methylnitrosourea;Propylthiouracil;Streptozocin;Thioacetamide;Thiouracil;Trichloroethene;Vinyl acetate;alpha-Chlorohydrin"
Aliphatic,relaxed_all_annotated,Aliphatic_ALL_G13,False,1,BD158,30,"1,1,2,2-Tetrachloroethane;1,1-Dimethylhydrazine;1,4-Dioxane;2-Ethoxyethanol;2-Nitropropane;3-Carboxy-cis,cis-muconate;4-Methylimidazole;Acetaldehyde;Acetamide;Acrylamide;BHC;Chloral hydrate;Digoxin;Epichlorohydrin;Ethanol;Ethyl acrylate;Ethyl methanesulfonate;Formaldehyde;Glycidaldehyde;Methyl bromide;Methyl isobutyl ketone;Methyl tert-butyl ether;Methylnitrosourea;Streptozocin;Thioacetamide;Thiouracil;Trichloroethene;Vinyl fluoride;alpha-Chlorohydrin;beta-Butyrolactone"
Aliphatic,relaxed_all_annotated,Aliphatic_ALL_G14,False,3,BD162;BD9;BG1,30,"1,1,2,2-Tetrachloroethane;1,3-Dichloro-2-propanol;1,4-Dioxane;2-Ethoxyethanol;2-Nitropropane;4-(N-Nitrosomethylamino)-1-(3-pyridyl)-1-butanone;4-Methylimidazole;Acetaldehyde;Acetone;Aziridine;Chloral;Chloral hydrate;Digoxin;Epichlorohydrin;Ethanol;Ethyl methanesulfonate;Formaldehyde;Glu-P-1;Glycidaldehyde;Methyl bromide;Methyl isobutyl ketone;Methyl tert-butyl ether;Methylnitrosourea;Propylthiouracil;Streptozocin;Thioacetamide;Thiouracil;Trichloroethene;Vinyl acetate;alpha-Chlorohydrin"
Aliphatic,relaxed_all_annotated,Aliphatic_ALL_G15,False,1,BD69,30,"1,1,1-Trichloroethane;1,1,2,2-Tetrachloroethane;1,2-Epoxybutane;1,3-Dichloro-2-propanol;1,4-Dioxane;2-Ethoxyethanol;3-Carboxy-cis,cis-muconate;4-Methylimidazole;Acetaldehyde;Aziridine;Chloral hydrate;Digoxin;Epichlorohydrin;Ethanol;Ethyl methanesulfonate;Formaldehyde;Glu-P-1;Glycidaldehyde;Methane;Methyl bromide;Methyl chloride;Methyl isobutyl ketone;Methyl tert-butyl ether;Methylnitrosourea;Streptozocin;Thioacetamide;Thiouracil;Trichloroethene;Vinyl fluoride;alpha-Chlorohydrin"
Aliphatic,relaxed_all_annotated,Aliphatic_ALL_G16,True,1,CB13,28,"1,1,2,2-Tetrachloroethane;1,1-Dimethylhydrazine;1,3-Dichloro-2-propanol;1,4-Dioxane;2,4-Hexadienal;2-Ethoxyethanol;4-Methylimidazole;Acetaldehyde;Aziridine;Chloral hydrate;Digoxin;Epichlorohydrin;Ethanol;Ethyl methanesulfonate;Formaldehyde;Glu-P-1;Glycidaldehyde;Methane;Methyl bromide;Methyl isobutyl ketone;Methyl tert-butyl ether;Methylnitrosourea;Streptozocin;Thioacetamide;Thiouracil;Trichloroethene;Vinyl fluoride;alpha-Chlorohydrin"
Aliphatic,relaxed_all_annotated,Aliphatic_ALL_G17,False,1,BD117,27,"1,4-Dioxane;2-Ethoxyethanol;2-Nitropropane;4-Methylimidazole;Acetaldehyde;Acetamide;Acetone;Acrylamide;Aziridine;Chloral hydrate;Epichlorohydrin;Ethanol;Ethyl acrylate;Ethyl methanesulfonate;Ethylene oxide;Formaldehyde;Glycidaldehyde;Methane;Methyl bromide;Methyl isobutyl ketone;Methyl tert-butyl ether;Methylnitrosourea;Streptozocin;Thioacetamide;Thiouracil;Vinyl acetate;alpha-Chlorohydrin"
Aliphatic,relaxed_all_annotated,Aliphatic_ALL_G18,False,1,BD8,27,"1,1,2,2-Tetrachloroethane;1,4-Dioxane;2-Ethoxyethanol;2-Nitropropane;3-Carboxy-cis,cis-muconate;4-Methylimidazole;Acetaldehyde;Acetamide;Acetone;Acrylamide;Aziridine;Chloral hydrate;Epichlorohydrin;Ethanol;Ethyl acrylate;Ethyl methanesulfonate;Formaldehyde;Glycidaldehyde;Methyl bromide;Methyl isobutyl ketone;Methyl tert-butyl ether;N-Nitrosomorpholine;Streptozocin;Thioacetamide;Thiouracil;Vinyl acetate;alpha-Chlorohydrin"
Aliphatic,relaxed_all_annotated,Aliphatic_ALL_G19,False,2,BD1;BD5,26,"1,1,2,2-Tetrachloroethane;1,4-Dioxane;2-Ethoxyethanol;2-Nitropropane;4-Methylimidazole;Acetaldehyde;Acetamide;Acetone;Acrylamide;Aziridine;Chloral hydrate;Epichlorohydrin;Ethanol;Ethyl acrylate;Ethyl methanesulfonate;Formaldehyde;Glycidaldehyde;Methyl bromide;Methyl isobutyl ketone;Methyl tert-butyl ether;Methylnitrosourea;Streptozocin;Thioacetamide;Thiouracil;Vinyl fluoride;alpha-Chlorohydrin"
Aliphatic,relaxed_all_annotated,Aliphatic_ALL_G20,False,4,BD137;BD139;BD140;BD141,26,"1,4-Dioxane;2-Ethoxyethanol;2-Nitropropane;4-Methylimidazole;Acetaldehyde;Acetamide;Acrylamide;Aziridine;Chloral hydrate;Digoxin;Epichlorohydrin;Ethanol;Ethyl acrylate;Ethyl methanesulfonate;Formaldehyde;Glu-P-1;Glycidaldehyde;Methyl bromide;Methyl isobutyl ketone;Methyl tert-butyl ether;Methylnitrosourea;Streptozocin;Thioacetamide;Thiouracil;Vinyl acetate;alpha-Chlorohydrin"
Aliphatic,relaxed_all_annotated,Aliphatic_ALL_G21,False,2,BD151;BD152,25,"1,1,2,2-Tetrachloroethane;1,4-Dioxane;2-Ethoxyethanol;4-Methylimidazole;Acetaldehyde;Acetamide;Acrylamide;Aziridine;Chloral hydrate;Digoxin;Epichlorohydrin;Ethanol;Ethyl acrylate;Ethyl methanesulfonate;Formaldehyde;Glycidaldehyde;Methyl bromide;Methyl isobutyl ketone;Methyl tert-butyl ether;Methylnitrosourea;Streptozocin;Thioacetamide;Thiouracil;Vinyl acetate;alpha-Chlorohydrin"
Aliphatic,relaxed_all_annotated,Aliphatic_ALL_G22,False,1,BD2,21,"1,4-Dioxane;2-Ethoxyethanol;Acetaldehyde;Acetone;Chloral hydrate;Digoxin;Epichlorohydrin;Ethanol;Ethyl methanesulfonate;Formaldehyde;Glu-P-1;Glycidaldehyde;Methyl bromide;Methyl isobutyl ketone;Methyl tert-butyl ether;Methylnitrosourea;Streptozocin;Thioacetamide;Thiouracil;Vinyl acetate;alpha-Chlorohydrin"
Aliphatic,relaxed_all_annotated,Aliphatic_ALL_G23,False,1,BD147,17,"1,1,2,2-Tetrachloroethane;1,3-Dichloro-2-propanol;1,4-Dioxane;2-Ethoxyethanol;Acetaldehyde;Acetone;Aziridine;Chloral hydrate;Epichlorohydrin;Ethanol;Formaldehyde;Glycidaldehyde;Methyl isobutyl ketone;Methyl tert-butyl ether;Thioacetamide;Thiouracil;alpha-Chlorohydrin"
Polyaromatic,strict_metal,Polyaromatic_STRICT_G01,True,1,BD61,29,"(+)-(3S,4R)-cis-3,4-Dihydroxy-3,4-dihydrofluorene;1-Hydroxy-2-naphthoate;2,2',4,4',6,6'-Hexachlorobiphenyl;2,2',4,4'-Tetrachlorobiphenyl;2,2',5,5'-Tetrachlorobiphenyl;2-Naphthylamine;3,3'-Dimethoxybenzidine;3,4,3',4'-Tetrachlorobiphenyl;3,4,5,3',4',5'-Hexachlorobiphenyl;Acenaphthene;Amsacrine;Anthracene;Anthracene-cis-1,2-dihydrodiol;Arylmercury;Benzo[a]pyrene;Benzo[a]pyrene-cis-9,10-dihydrodiol;Cypermethrin;Etoposide;Fluoranthene;Fluoren-9-ol;Fluorene;Mitomycin;Mitoxantrone;N,N'-Diacetylbenzidine;Nafenopin;Naphthalene;Naphthalene-1,2-diol;Sulfasalazine;para-Aminoazobenzene"
Polyaromatic,strict_metal,Polyaromatic_STRICT_G02,False,1,BD127,28,"(+)-(3S,4R)-cis-3,4-Dihydroxy-3,4-dihydrofluorene;1-Hydroxy-2-naphthoate;2,2',4,4',6,6'-Hexachlorobiphenyl;2,2',4,4'-Tetrachlorobiphenyl;2,2',5,5'-Tetrachlorobiphenyl;2,3,3',4,5-Pentachlorobiphenyl;2-Naphthylamine;3,3'-Dimethoxybenzidine;3,4,3',4'-Tetrachlorobiphenyl;3,4,5,3',4',5'-Hexachlorobiphenyl;4,4'-Methylenebis(N,N-dimethylaniline);Amsacrine;Anthracene;Anthracene-cis-1,2-dihydrodiol;Arylmercury;Benzo[a]pyrene;Benzo[a]pyrene-cis-9,10-dihydrodiol;Cypermethrin;Etoposide;Fluoren-9-ol;Fluorene;Mitoxantrone;N,N'-Diacetylbenzidine;Nafenopin;Naphthalene;Naphthalene-1,2-diol;Sulfasalazine;para-Aminoazobenzene"
Polyaromatic,strict_metal,Polyaromatic_STRICT_G03,False,3,BD48;BD54;E7,28,"(+)-(3S,4R)-cis-3,4-Dihydroxy-3,4-dihydrofluorene;2,2',4,4',6,6'-Hexachlorobiphenyl;2,2',4,4'-Tetrachlorobiphenyl;2,2',5,5'-Tetrachlorobiphenyl;2,3,3',4,5-Pentachlorobiphenyl;2-Naphthylamine;3,4,3',4'-Tetrachlorobiphenyl;3,4,5,3',4',5'-Hexachlorobiphenyl;4,4'-Methylenebis(N,N-dimethylaniline);Acenaphthene;Amsacrine;Anthracene;Anthracene-cis-1,2-dihydrodiol;Aristolochic acid;Benzo[a]pyrene;Benzo[a]pyrene-cis-9,10-dihydrodiol;Cypermethrin;Etoposide;Fluoranthene;Fluoren-9-ol;Fluorene;Mitomycin;Mitoxantrone;N,N'-Diacetylbenzidine;Nafenopin;Naphthalene;Sulfasalazine;para-Aminoazobenzene"
Polyaromatic,strict_metal,Polyaromatic_STRICT_G04,True,2,BD120;BD126,27,"2,2',4,4',6,6'-Hexachlorobiphenyl;2,2',4,4'-Tetrachlorobiphenyl;2,2',5,5'-Tetrachlorobiphenyl;2-Naphthylamine;3,3'-Dimethoxybenzidine;3,3'-Dimethylbenzidine;3,4,3',4'-Tetrachlorobiphenyl;3,4,5,3',4',5'-Hexachlorobiphenyl;Acenaphthene;Amsacrine;Arylmercury;Benzo[a]pyrene;Benzophenone;Cypermethrin;Etoposide;Fluoranthene;Mitomycin;Mitoxantrone;Nafenopin;Naphthalene;Nitrofen;Ochratoxin A;Phenolphthalein;Sulfasalazine;Tamoxifen;para-(Dimethylamino)azobenzene;para-Aminoazobenzene"
Polyaromatic,strict_metal,Polyaromatic_STRICT_G05,False,1,BD163,27,"2,2',4,4',6,6'-Hexachlorobiphenyl;2,2',4,4'-Tetrachlorobiphenyl;2,2',5,5'-Tetrachlorobiphenyl;2-Naphthylamine;3,3'-Dimethoxybenzidine;3,3'-Dimethylbenzidine;3,4,3',4'-Tetrachlorobiphenyl;3,4,5,3',4',5'-Hexachlorobiphenyl;Acenaphthene;Amsacrine;Arylmercury;Benzo[a]pyrene;Cypermethrin;Etoposide;Fluoranthene;Mitomycin;Mitoxantrone;N,N'-Diacetylbenzidine;Nafenopin;Naphthalene;Nitrofen;Ochratoxin A;Phenolphthalein;Sulfasalazine;Tamoxifen;para-(Dimethylamino)azobenzene;para-Aminoazobenzene"
Polyaromatic,strict_metal,Polyaromatic_STRICT_G06,False,3,BD162;BD9;BG1,26,"2,2',4,4',6,6'-Hexachlorobiphenyl;2,2',4,4'-Tetrachlorobiphenyl;2,2',5,5'-Tetrachlorobiphenyl;2-Naphthylamine;3,3'-Dimethoxybenzidine;3,3'-Dimethylbenzidine;3,4,3',4'-Tetrachlorobiphenyl;3,4,5,3',4',5'-Hexachlorobiphenyl;Acenaphthene;Amsacrine;Arylmercury;Benzo[a]pyrene;Benzophenone;Cypermethrin;Etoposide;Mitomycin;Mitoxantrone;Nafenopin;Naphthalene;Nitrofen;Ochratoxin A;Phenolphthalein;Sulfasalazine;Tamoxifen;para-(Dimethylamino)azobenzene;para-Aminoazobenzene"
Polyaromatic,strict_metal,Polyaromatic_STRICT_G07,False,3,BD132;BD160;BD50,23,"2,2',4,4',6,6'-Hexachlorobiphenyl;2,2',4,4'-Tetrachlorobiphenyl;2,2',5,5'-Tetrachlorobiphenyl;2-Naphthylamine;3,3'-Dimethoxybenzidine;3,4,3',4'-Tetrachlorobiphenyl;3,4,5,3',4',5'-Hexachlorobiphenyl;Acenaphthene;Amsacrine;Arylmercury;Benzo[a]pyrene;Benzophenone;Cypermethrin;Etoposide;Mitomycin;Mitoxantrone;Nafenopin;Naphthalene;Nitrofen;Phenolphthalein;Sulfasalazine;Tamoxifen;para-Aminoazobenzene"
Polyaromatic,strict_metal,Polyaromatic_STRICT_G08,False,1,BD139,22,"2,2',4,4',6,6'-Hexachlorobiphenyl;2,2',4,4'-Tetrachlorobiphenyl;2,2',5,5'-Tetrachlorobiphenyl;2-Naphthylamine;3,3'-Dimethoxybenzidine;3,4,3',4'-Tetrachlorobiphenyl;3,4,5,3',4',5'-Hexachlorobiphenyl;Acenaphthene;Amsacrine;Aristolochic acid;Arylmercury;Benzo[k]fluoranthene;Cypermethrin;Etoposide;Fluoranthene;Mitomycin;Mitoxantrone;Nafenopin;Nitrofen;Ochratoxin A;Sulfasalazine;para-Aminoazobenzene"
Polyaromatic,strict_metal,Polyaromatic_STRICT_G09,True,1,BD158,21,"2,2',4,4',6,6'-Hexachlorobiphenyl;2,2',4,4'-Tetrachlorobiphenyl;2,2',5,5'-Tetrachlorobiphenyl;2,3,3',4,5-Pentachlorobiphenyl;2-Naphthylamine;3,4,3',4'-Tetrachlorobiphenyl;3,4,5,3',4',5'-Hexachlorobiphenyl;4,4'-Methylenebis(N,N-dimethylaniline);Amsacrine;Aristolochic acid;Arylmercury;Benzo[k]fluoranthene;Cypermethrin;Etoposide;Mitomycin;Mitoxantrone;N,N'-Diacetylbenzidine;Nafenopin;Nitrofen;Sulfasalazine;para-Aminoazobenzene"
Polyaromatic,strict_metal,Polyaromatic_STRICT_G10,True,1,BD117,17,"2,2',4,4',6,6'-Hexachlorobiphenyl;2,2',4,4'-Tetrachlorobiphenyl;2,2',5,5'-Tetrachlorobiphenyl;3,3'-Dimethoxybenzidine;3,4,3',4'-Tetrachlorobiphenyl;3,4,5,3',4',5'-Hexachlorobiphenyl;Amsacrine;Auramine;Cypermethrin;Disperse Blue 1;Methoxychlor;Mitomycin;Mitoxantrone;Nafenopin;Nitrofen;Sulfasalazine;para-Aminoazobenzene"
Polyaromatic,relaxed_all_annotated,Polyaromatic_ALL_G01,False,1,BD69,33,"(+)-(3S,4R)-cis-3,4-Dihydroxy-3,4-dihydrofluorene;1-Hydroxy-2-naphthoate;2,2',4,4',6,6'-Hexachlorobiphenyl;2,2',4,4'-Tetrachlorobiphenyl;2,2',5,5'-Tetrachlorobiphenyl;2,3,3',4,5-Pentachlorobiphenyl;2-Naphthylamine;3,4,3',4'-Tetrachlorobiphenyl;3,4,5,3',4',5'-Hexachlorobiphenyl;4,4'-Methylenebis(N,N-dimethylaniline);Acenaphthene;Amsacrine;Anthracene;Anthracene-cis-1,2-dihydrodiol;Aristolochic acid;Arylmercury;Benzo[a]pyrene;Benzo[a]pyrene-cis-9,10-dihydrodiol;Benzo[k]fluoranthene;Cypermethrin;Etoposide;Fluoranthene;Fluoren-9-ol;Fluorene;Mitomycin;Mitoxantrone;N,N'-Diacetylbenzidine;Nafenopin;Naphthalene;Naphthalene-1,2-diol;Ochratoxin A;Sulfasalazine;para-Aminoazobenzene"
Polyaromatic,relaxed_all_annotated,Polyaromatic_ALL_G02,False,2,BD105;BD106,30,"(+)-(3S,4R)-cis-3,4-Dihydroxy-3,4-dihydrofluorene;2,2',4,4',6,6'-Hexachlorobiphenyl;2,2',4,4'-Tetrachlorobiphenyl;2,2',5,5'-Tetrachlorobiphenyl;2,3,3',4,5-Pentachlorobiphenyl;2-Naphthylamine;3,3'-Dimethoxybenzidine;3,4,3',4'-Tetrachlorobiphenyl;3,4,5,3',4',5'-Hexachlorobiphenyl;4,4'-Methylenebis(N,N-dimethylaniline);Acenaphthene;Amsacrine;Anthracene;Anthracene-cis-1,2-dihydrodiol;Arylmercury;Benzo[a]pyrene;Benzo[a]pyrene-cis-9,10-dihydrodiol;Cypermethrin;Etoposide;Fluoranthene;Fluoren-9-ol;Fluorene;Mitomycin;Mitoxantrone;N,N'-Diacetylbenzidine;Nafenopin;Naphthalene;Phenolphthalein;Sulfasalazine;para-Aminoazobenzene"
Polyaromatic,relaxed_all_annotated,Polyaromatic_ALL_G03,False,2,AP1BH01-1;BD61,29,"(+)-(3S,4R)-cis-3,4-Dihydroxy-3,4-dihydrofluorene;1-Hydroxy-2-naphthoate;2,2',4,4',6,6'-Hexachlorobiphenyl;2,2',4,4'-Tetrachlorobiphenyl;2,2',5,5'-Tetrachlorobiphenyl;2-Naphthylamine;3,3'-Dimethoxybenzidine;3,4,3',4'-Tetrachlorobiphenyl;3,4,5,3',4',5'-Hexachlorobiphenyl;Acenaphthene;Amsacrine;Anthracene;Anthracene-cis-1,2-dihydrodiol;Arylmercury;Benzo[a]pyrene;Benzo[a]pyrene-cis-9,10-dihydrodiol;Cypermethrin;Etoposide;Fluoranthene;Fluoren-9-ol;Fluorene;Mitomycin;Mitoxantrone;N,N'-Diacetylbenzidine;Nafenopin;Naphthalene;Naphthalene-1,2-diol;Sulfasalazine;para-Aminoazobenzene"
Polyaromatic,relaxed_all_annotated,Polyaromatic_ALL_G04,False,1,BD145,29,"(+)-(3S,4R)-cis-3,4-Dihydroxy-3,4-dihydrofluorene;2,2',4,4',6,6'-Hexachlorobiphenyl;2,2',4,4'-Tetrachlorobiphenyl;2,2',5,5'-Tetrachlorobiphenyl;2-Naphthylamine;3,3'-Dimethoxybenzidine;3,4,3',4'-Tetrachlorobiphenyl;3,4,5,3',4',5'-Hexachlorobiphenyl;Acenaphthene;Amsacrine;Anthracene;Anthracene-cis-1,2-dihydrodiol;Arylmercury;Benzo[a]pyrene;Benzo[a]pyrene-cis-9,10-dihydrodiol;Cypermethrin;Etoposide;Fluoranthene;Fluoren-9-ol;Fluorene;Mitomycin;Mitoxantrone;N,N'-Diacetylbenzidine;Nafenopin;Naphthalene;Nitrofen;Sulfasalazine;Tamoxifen;para-Aminoazobenzene"
Polyaromatic,relaxed_all_annotated,Polyaromatic_ALL_G05,False,7,BD101;BD107;BD108;BD77;BD83;BD95;BD96,28,"(+)-(3S,4R)-cis-3,4-Dihydroxy-3,4-dihydrofluorene;2,2',4,4',6,6'-Hexachlorobiphenyl;2,2',4,4'-Tetrachlorobiphenyl;2,2',5,5'-Tetrachlorobiphenyl;2,3,3',4,5-Pentachlorobiphenyl;2-Naphthylamine;3,3'-Dimethoxybenzidine;3,4,3',4'-Tetrachlorobiphenyl;3,4,5,3',4',5'-Hexachlorobiphenyl;4,4'-Methylenebis(N,N-dimethylaniline);Amsacrine;Anthracene;Anthracene-cis-1,2-dihydrodiol;Arylmercury;Benzo[a]pyrene;Benzo[a]pyrene-cis-9,10-dihydrodiol;Cypermethrin;Etoposide;Fluoren-9-ol;Fluorene;Mitomycin;Mitoxantrone;N,N'-Diacetylbenzidine;Nafenopin;Naphthalene;Phenolphthalein;Sulfasalazine;para-Aminoazobenzene"
Polyaromatic,relaxed_all_annotated,Polyaromatic_ALL_G06,False,3,BD121;BD129;BD165,28,"2,2',4,4',6,6'-Hexachlorobiphenyl;2,2',4,4'-Tetrachlorobiphenyl;2,2',5,5'-Tetrachlorobiphenyl;2-Naphthylamine;3,3'-Dimethoxybenzidine;3,3'-Dimethylbenzidine;3,4,3',4'-Tetrachlorobiphenyl;3,4,5,3',4',5'-Hexachlorobiphenyl;Acenaphthene;Amsacrine;Arylmercury;Benzo[a]pyrene;Benzo[k]fluoranthene;Benzophenone;Cypermethrin;Etoposide;Fluoranthene;Mitomycin;Mitoxantrone;Nafenopin;Naphthalene;Nitrofen;Ochratoxin A;Phenolphthalein;Sulfasalazine;Tamoxifen;para-(Dimethylamino)azobenzene;para-Aminoazobenzene"
Polyaromatic,relaxed_all_annotated,Polyaromatic_ALL_G07,False,1,BD127,28,"(+)-(3S,4R)-cis-3,4-Dihydroxy-3,4-dihydrofluorene;1-Hydroxy-2-naphthoate;2,2',4,4',6,6'-Hexachlorobiphenyl;2,2',4,4'-Tetrachlorobiphenyl;2,2',5,5'-Tetrachlorobiphenyl;2,3,3',4,5-Pentachlorobiphenyl;2-Naphthylamine;3,3'-Dimethoxybenzidine;3,4,3',4'-Tetrachlorobiphenyl;3,4,5,3',4',5'-Hexachlorobiphenyl;4,4'-Methylenebis(N,N-dimethylaniline);Amsacrine;Anthracene;Anthracene-cis-1,2-dihydrodiol;Arylmercury;Benzo[a]pyrene;Benzo[a]pyrene-cis-9,10-dihydrodiol;Cypermethrin;Etoposide;Fluoren-9-ol;Fluorene;Mitoxantrone;N,N'-Diacetylbenzidine;Nafenopin;Naphthalene;Naphthalene-1,2-diol;Sulfasalazine;para-Aminoazobenzene"
Polyaromatic,relaxed_all_annotated,Polyaromatic_ALL_G08,False,1,BD161,28,"2,2',4,4',6,6'-Hexachlorobiphenyl;2,2',4,4'-Tetrachlorobiphenyl;2,2',5,5'-Tetrachlorobiphenyl;2-Naphthylamine;3,3'-Dimethoxybenzidine;3,3'-Dimethylbenzidine;3,4,3',4'-Tetrachlorobiphenyl;3,4,5,3',4',5'-Hexachlorobiphenyl;Acenaphthene;Amsacrine;Arylmercury;Benzo[a]pyrene;Benzophenone;Cypermethrin;Etoposide;Fluoranthene;Mitomycin;Mitoxantrone;N,N'-Diacetylbenzidine;Nafenopin;Naphthalene;Nitrofen;Ochratoxin A;Phenolphthalein;Sulfasalazine;Tamoxifen;para-(Dimethylamino)azobenzene;para-Aminoazobenzene"
Polyaromatic,relaxed_all_annotated,Polyaromatic_ALL_G09,False,3,BD48;BD54;E7,28,"(+)-(3S,4R)-cis-3,4-Dihydroxy-3,4-dihydrofluorene;2,2',4,4',6,6'-Hexachlorobiphenyl;2,2',4,4'-Tetrachlorobiphenyl;2,2',5,5'-Tetrachlorobiphenyl;2,3,3',4,5-Pentachlorobiphenyl;2-Naphthylamine;3,4,3',4'-Tetrachlorobiphenyl;3,4,5,3',4',5'-Hexachlorobiphenyl;4,4'-Methylenebis(N,N-dimethylaniline);Acenaphthene;Amsacrine;Anthracene;Anthracene-cis-1,2-dihydrodiol;Aristolochic acid;Benzo[a]pyrene;Benzo[a]pyrene-cis-9,10-dihydrodiol;Cypermethrin;Etoposide;Fluoranthene;Fluoren-9-ol;Fluorene;Mitomycin;Mitoxantrone;N,N'-Diacetylbenzidine;Nafenopin;Naphthalene;Sulfasalazine;para-Aminoazobenzene"
Polyaromatic,relaxed_all_annotated,Polyaromatic_ALL_G10,False,1,BD67,28,"(+)-(3S,4R)-cis-3,4-Dihydroxy-3,4-dihydrofluorene;1-Hydroxy-2-naphthoate;2,2',4,4',6,6'-Hexachlorobiphenyl;2,2',4,4'-Tetrachlorobiphenyl;2,2',5,5'-Tetrachlorobiphenyl;2-Naphthylamine;3,3'-Dimethoxybenzidine;3,4,3',4'-Tetrachlorobiphenyl;3,4,5,3',4',5'-Hexachlorobiphenyl;Acenaphthene;Amsacrine;Anthracene;Anthracene-cis-1,2-dihydrodiol;Arylmercury;Benzo[a]pyrene;Benzo[a]pyrene-cis-9,10-dihydrodiol;Cypermethrin;Fluoranthene;Fluoren-9-ol;Fluorene;Mitomycin;Mitoxantrone;N,N'-Diacetylbenzidine;Nafenopin;Naphthalene;Naphthalene-1,2-diol;Sulfasalazine;para-Aminoazobenzene"
Polyaromatic,relaxed_all_annotated,Polyaromatic_ALL_G11,False,2,BD72;BD73,28,"2,2',4,4',6,6'-Hexachlorobiphenyl;2,2',4,4'-Tetrachlorobiphenyl;2,2',5,5'-Tetrachlorobiphenyl;2-Naphthylamine;3,3'-Dimethoxybenzidine;3,3'-Dimethylbenzidine;3,4,3',4'-Tetrachlorobiphenyl;3,4,5,3',4',5'-Hexachlorobiphenyl;Acenaphthene;Amsacrine;Arylmercury;Benzo[a]pyrene;Benzo[k]fluoranthene;Benzophenone;Cypermethrin;Etoposide;Fluoranthene;Mitoxantrone;N,N'-Diacetylbenzidine;Nafenopin;Naphthalene;Nitrofen;Ochratoxin A;Phenolphthalein;Sulfasalazine;Tamoxifen;para-(Dimethylamino)azobenzene;para-Aminoazobenzene"
Polyaromatic,relaxed_all_annotated,Polyaromatic_ALL_G12,False,3,BD120;BD126;BD81,27,"2,2',4,4',6,6'-Hexachlorobiphenyl;2,2',4,4'-Tetrachlorobiphenyl;2,2',5,5'-Tetrachlorobiphenyl;2-Naphthylamine;3,3'-Dimethoxybenzidine;3,3'-Dimethylbenzidine;3,4,3',4'-Tetrachlorobiphenyl;3,4,5,3',4',5'-Hexachlorobiphenyl;Acenaphthene;Amsacrine;Arylmercury;Benzo[a]pyrene;Benzophenone;Cypermethrin;Etoposide;Fluoranthene;Mitomycin;Mitoxantrone;Nafenopin;Naphthalene;Nitrofen;Ochratoxin A;Phenolphthalein;Sulfasalazine;Tamoxifen;para-(Dimethylamino)azobenzene;para-Aminoazobenzene"
Polyaromatic,relaxed_all_annotated,Polyaromatic_ALL_G13,False,2,BD163;BD166,27,"2,2',4,4',6,6'-Hexachlorobiphenyl;2,2',4,4'-Tetrachlorobiphenyl;2,2',5,5'-Tetrachlorobiphenyl;2-Naphthylamine;3,3'-Dimethoxybenzidine;3,3'-Dimethylbenzidine;3,4,3',4'-Tetrachlorobiphenyl;3,4,5,3',4',5'-Hexachlorobiphenyl;Acenaphthene;Amsacrine;Arylmercury;Benzo[a]pyrene;Cypermethrin;Etoposide;Fluoranthene;Mitomycin;Mitoxantrone;N,N'-Diacetylbenzidine;Nafenopin;Naphthalene;Nitrofen;Ochratoxin A;Phenolphthalein;Sulfasalazine;Tamoxifen;para-(Dimethylamino)azobenzene;para-Aminoazobenzene"
Polyaromatic,relaxed_all_annotated,Polyaromatic_ALL_G14,False,3,BD162;BD9;BG1,26,"2,2',4,4',6,6'-Hexachlorobiphenyl;2,2',4,4'-Tetrachlorobiphenyl;2,2',5,5'-Tetrachlorobiphenyl;2-Naphthylamine;3,3'-Dimethoxybenzidine;3,3'-Dimethylbenzidine;3,4,3',4'-Tetrachlorobiphenyl;3,4,5,3',4',5'-Hexachlorobiphenyl;Acenaphthene;Amsacrine;Arylmercury;Benzo[a]pyrene;Benzophenone;Cypermethrin;Etoposide;Mitomycin;Mitoxantrone;Nafenopin;Naphthalene;Nitrofen;Ochratoxin A;Phenolphthalein;Sulfasalazine;Tamoxifen;para-(Dimethylamino)azobenzene;para-Aminoazobenzene"
Polyaromatic,relaxed_all_annotated,Polyaromatic_ALL_G15,True,1,CB13,24,"2,2',4,4',6,6'-Hexachlorobiphenyl;2,2',4,4'-Tetrachlorobiphenyl;2,2',5,5'-Tetrachlorobiphenyl;2,3,3',4,5-Pentachlorobiphenyl;2-Naphthylamine;3,4,3',4'-Tetrachlorobiphenyl;3,4,5,3',4',5'-Hexachlorobiphenyl;4,4'-Methylenebis(N,N-dimethylaniline);Acenaphthene;Amsacrine;Aristolochic acid;Arylmercury;Benzo[k]fluoranthene;Cypermethrin;Etoposide;Fluoranthene;Mitomycin;Mitoxantrone;N,N'-Diacetylbenzidine;Nafenopin;Ochratoxin A;Phenytoin;Sulfasalazine;para-Aminoazobenzene"
Polyaromatic,relaxed_all_annotated,Polyaromatic_ALL_G16,False,5,BD132;BD143;BD149;BD160;BD50,23,"2,2',4,4',6,6'-Hexachlorobiphenyl;2,2',4,4'-Tetrachlorobiphenyl;2,2',5,5'-Tetrachlorobiphenyl;2-Naphthylamine;3,3'-Dimethoxybenzidine;3,4,3',4'-Tetrachlorobiphenyl;3,4,5,3',4',5'-Hexachlorobiphenyl;Acenaphthene;Amsacrine;Arylmercury;Benzo[a]pyrene;Benzophenone;Cypermethrin;Etoposide;Mitomycin;Mitoxantrone;Nafenopin;Naphthalene;Nitrofen;Phenolphthalein;Sulfasalazine;Tamoxifen;para-Aminoazobenzene"
Polyaromatic,relaxed_all_annotated,Polyaromatic_ALL_G17,False,2,BD151;BD152,23,"2,2',4,4',6,6'-Hexachlorobiphenyl;2,2',4,4'-Tetrachlorobiphenyl;2,2',5,5'-Tetrachlorobiphenyl;2-Naphthylamine;3,3'-Dimethoxybenzidine;3,4,3',4'-Tetrachlorobiphenyl;3,4,5,3',4',5'-Hexachlorobiphenyl;Acenaphthene;Amsacrine;Arylmercury;Benzo[k]fluoranthene;Benzophenone;Cypermethrin;Etoposide;Fluoranthene;Mitomycin;Mitoxantrone;N,N'-Diacetylbenzidine;Nafenopin;Nitrofen;Ochratoxin A;Sulfasalazine;para-Aminoazobenzene"
Polyaromatic,relaxed_all_annotated,Polyaromatic_ALL_G18,False,4,BD137;BD139;BD140;BD141,22,"2,2',4,4',6,6'-Hexachlorobiphenyl;2,2',4,4'-Tetrachlorobiphenyl;2,2',5,5'-Tetrachlorobiphenyl;2-Naphthylamine;3,3'-Dimethoxybenzidine;3,4,3',4'-Tetrachlorobiphenyl;3,4,5,3',4',5'-Hexachlorobiphenyl;Acenaphthene;Amsacrine;Aristolochic acid;Arylmercury;Benzo[k]fluoranthene;Cypermethrin;Etoposide;Fluoranthene;Mitomycin;Mitoxantrone;Nafenopin;Nitrofen;Ochratoxin A;Sulfasalazine;para-Aminoazobenzene"
Polyaromatic,relaxed_all_annotated,Polyaromatic_ALL_G19,False,1,BD158,21,"2,2',4,4',6,6'-Hexachlorobiphenyl;2,2',4,4'-Tetrachlorobiphenyl;2,2',5,5'-Tetrachlorobiphenyl;2,3,3',4,5-Pentachlorobiphenyl;2-Naphthylamine;3,4,3',4'-Tetrachlorobiphenyl;3,4,5,3',4',5'-Hexachlorobiphenyl;4,4'-Methylenebis(N,N-dimethylaniline);Amsacrine;Aristolochic acid;Arylmercury;Benzo[k]fluoranthene;Cypermethrin;Etoposide;Mitomycin;Mitoxantrone;N,N'-Diacetylbenzidine;Nafenopin;Nitrofen;Sulfasalazine;para-Aminoazobenzene"
Polyaromatic,relaxed_all_annotated,Polyaromatic_ALL_G20,False,1,BD2,18,"2,2',4,4',6,6'-Hexachlorobiphenyl;2,2',4,4'-Tetrachlorobiphenyl;2,2',5,5'-Tetrachlorobiphenyl;2-Naphthylamine;3,3'-Dimethylbenzidine;3,4,3',4'-Tetrachlorobiphenyl;3,4,5,3',4',5'-Hexachlorobiphenyl;Acenaphthene;Amsacrine;Cypermethrin;Etoposide;Mitoxantrone;Nafenopin;Nitrofen;Ochratoxin A;Sulfasalazine;para-(Dimethylamino)azobenzene;para-Aminoazobenzene"
Polyaromatic,relaxed_all_annotated,Polyaromatic_ALL_G21,False,2,BD1;BD5,17,"2,2',4,4',6,6'-Hexachlorobiphenyl;2,2',4,4'-Tetrachlorobiphenyl;2,2',5,5'-Tetrachlorobiphenyl;3,3'-Dimethoxybenzidine;3,4,3',4'-Tetrachlorobiphenyl;3,4,5,3',4',5'-Hexachlorobiphenyl;Amsacrine;Auramine;Benzo[k]fluoranthene;Cypermethrin;Disperse Blue 1;Mitomycin;Mitoxantrone;Nafenopin;Nitrofen;Sulfasalazine;para-Aminoazobenzene"
Polyaromatic,relaxed_all_annotated,Polyaromatic_ALL_G22,False,2,BD117;BD8,17,"2,2',4,4',6,6'-Hexachlorobiphenyl;2,2',4,4'-Tetrachlorobiphenyl;2,2',5,5'-Tetrachlorobiphenyl;3,3'-Dimethoxybenzidine;3,4,3',4'-Tetrachlorobiphenyl;3,4,5,3',4',5'-Hexachlorobiphenyl;Amsacrine;Auramine;Cypermethrin;Disperse Blue 1;Methoxychlor;Mitomycin;Mitoxantrone;Nafenopin;Nitrofen;Sulfasalazine;para-Aminoazobenzene"
Polyaromatic,relaxed_all_annotated,Polyaromatic_ALL_G23,False,1,BD147,4,"3,3'-Dimethoxybenzidine;Amsacrine;Cypermethrin;Mitomycin"
