sample,taxon,source_label,dcpip_available,annotated_in_biorempp,annotated_in_ko_subset,metal_authority,metal_group_from_image,raw_uc81_metal,raw_uc81_metal_groups,unique_ko_count,PL1_mean,PL2_mean,PP1_mean,PP2_mean,PL_mean,PP_mean,overall_mean,dcpip_missing_values,Aliphatic_compounds_covered,Aliphatic_compound_coverage_pct,Aliphatic_kos_covered,Aliphatic_ko_completeness_pct,Polyaromatic_compounds_covered,Polyaromatic_compound_coverage_pct,Polyaromatic_kos_covered,Polyaromatic_ko_completeness_pct,biorempp_reference_count,enzyme_activity_count,hadeg_ko_count,hadeg_pathway_count,hadeg_compound_pathway_count,kegg_ko_count,kegg_pathname_count,tox_unique_compounds,tox_high_toxicity_compounds,tox_high_toxicity_endpoint_hits
AP1BH01-1,Ochrobactrum,AP1BH01-1 - Ochrobactrum,True,True,True,False,,True,Group 2,1980,63.393333,84.84,58.843333,45.233333,74.116667,52.038333,63.0775,0,31,52.542373,59,38.562092,29,65.909091,34,40.963855,9,75,55,46,5,43,18,128,127,454
BD1,Micococcus luteus,BD1 - Micococcus luteus,True,True,True,False,,False,,1342,73.906667,83.78,79.333333,77.913333,78.843333,78.623333,78.733333,0,26,44.067797,38,24.836601,17,38.636364,18,21.686747,9,64,33,42,5,22,13,88,87,287
BD101,Stutzerimonas balearica,BD101 - Stutzerimonas balearica,True,True,True,False,,False,,2195,49.48,66.916667,28.355,50.913333,58.198333,39.634167,48.91625,1,33,55.932203,51,33.333333,28,63.636364,45,54.216867,9,69,84,49,5,68,18,125,124,453
BD105,Stutzerimonas frequens,BD105 - Stutzerimonas frequens,True,True,True,False,,False,,2219,76.883333,87.196667,73.08,62.61,82.04,67.845,74.9425,0,33,55.932203,58,37.908497,30,68.181818,47,56.626506,9,72,71,48,5,55,18,122,121,440
BD106,Stutzerimonas frequens,BD106 - Stutzerimonas frequens,True,True,True,False,,False,,2217,32.54,55.44,31.846667,7.14,43.99,19.493333,31.741667,2,33,55.932203,58,37.908497,30,68.181818,47,56.626506,9,72,71,48,5,55,18,122,121,440
BD107,Stutzerimonas balearica,BD107 - Stutzerimonas balearica,True,True,True,False,,False,,2189,80.456667,84.873333,70.276667,77.95,82.665,74.113333,78.389167,1,33,55.932203,51,33.333333,28,63.636364,45,54.216867,9,70,75,49,5,58,18,122,121,437
BD108,Stutzerimonas balearica,BD108 - Stutzerimonas balearica,True,True,True,False,,False,,2191,50.806667,70.233333,31.846667,35.433333,60.52,33.64,47.08,0,33,55.932203,51,33.333333,28,63.636364,45,54.216867,9,70,75,49,5,58,18,122,121,437
BD117,Micococcus luteus,BD117 - Micococcus luteus,True,True,True,True,Metal_Group_9,True,Group 16,1188,77.76,80.6,74.603333,78.703333,79.18,76.653333,77.916667,0,27,45.762712,39,25.490196,17,38.636364,19,22.891566,9,58,37,44,5,24,15,102,102,349
BD120,Bacillus subtilis,BD120 - Bacillus subtilis,True,True,True,True,Metal_Group_4,False,,2146,82.126667,85.816667,85.713333,77.906667,83.971667,81.81,82.890833,0,39,66.101695,53,34.640523,27,61.363636,40,48.192771,9,78,56,43,5,31,15,141,140,524
BD121,Bacillus paralicheniformis,BD121 - Bacillus paralicheniformis,True,True,True,False,,False,,2116,42.393333,59.84,48.366667,18.02,51.116667,33.193333,42.155,1,31,52.542373,52,33.986928,28,63.636364,40,48.192771,9,75,56,40,5,32,14,133,132,484
BD126,Bacillus,BD126 - Bacillus,True,True,True,True,Metal_Group_4,False,,2146,57.196667,63.326667,63.73,14.366667,60.261667,39.048333,49.655,0,39,66.101695,53,34.640523,27,61.363636,40,48.192771,9,78,56,43,5,31,15,141,140,524
BD127,Achromobacter,BD127 - Achromobacter,True,True,True,True,Metal_Group_4,False,,2136,49.7,68.713333,28.326667,16.125,59.206667,22.225833,40.71625,1,43,72.881356,56,36.601307,28,63.636364,38,45.783133,9,79,81,50,5,71,17,140,139,507
BD129,Bacillus paralicheniformis,BD129 - Bacillus paralicheniformis,True,True,True,False,,False,,2116,69.52,72.163333,59.44,45.0,70.841667,52.22,61.530833,3,31,52.542373,52,33.986928,28,63.636364,40,48.192771,9,75,56,40,5,32,14,133,132,484
BD130,Bacillus licheniformis,BD130 - Bacillus licheniformis,True,False,False,False,,False,,0,59.78,69.503333,65.263333,30.66,64.641667,47.961667,56.301667,1,0,0.0,0,0.0,0,0.0,0,0.0,0,0,0,0,0,0,0,0,0,0
BD132,Bacillus safensis,BD132 - Bacillus safensis,True,True,True,True,Metal_Group_4,False,,1929,79.476667,85.293333,84.903333,78.413333,82.385,81.658333,82.021667,0,41,69.491525,48,31.372549,23,52.272727,33,39.759036,9,67,38,37,5,23,12,132,131,470
BD137,Brevibacillus brevis,BD137 - Brevibacillus brevis,True,True,True,False,,False,,2060,71.126667,79.03,68.37,32.526667,75.078333,50.448333,62.763333,0,26,44.067797,62,40.522876,22,50.0,34,40.963855,9,87,52,39,5,29,13,112,111,396
BD139,Brevibacillus brevis,BD139 - Brevibacillus brevis,True,True,True,True,Metal_Group_4,False,,2060,56.35,49.786667,76.81,36.53,53.068333,56.67,54.869167,0,26,44.067797,62,40.522876,22,50.0,34,40.963855,9,87,52,39,5,29,13,112,111,396
BD140,Brevibacillus brevis,BD140 - Brevibacillus brevis,True,True,True,False,,False,,2060,54.663333,63.823333,41.29,47.265,59.243333,44.2775,51.760417,2,26,44.067797,62,40.522876,22,50.0,34,40.963855,9,87,52,39,5,29,13,112,111,396
BD141,Brevibacillus brevis,BD141 - Brevibacillus brevis,True,True,True,False,,False,,2060,59.556667,58.686667,27.523333,35.366667,59.121667,31.445,45.283333,0,26,44.067797,62,40.522876,22,50.0,34,40.963855,9,87,52,39,5,29,13,112,111,396
BD143,Bacillus stratosphericus,BD143 - Bacillus stratosphericus,True,True,True,False,,True,Group 18,1923,55.086667,71.206667,47.113333,80.543333,63.146667,63.828333,63.4875,0,41,69.491525,51,33.333333,23,52.272727,33,39.759036,9,66,40,39,5,25,12,131,130,469
BD145,Tistrella,BD145 - Tistrella,True,True,True,False,,True,Group 19,2042,42.106667,66.24,31.82,79.986667,54.173333,55.903333,55.038333,0,43,72.881356,71,46.405229,29,65.909091,34,40.963855,9,83,77,54,5,66,19,140,139,509
BD147,Cellulomonas,BD147 - Cellulomonas,True,True,True,False,,False,,642,64.133333,78.86,54.833333,71.25,71.496667,63.041667,67.269167,0,17,28.813559,16,10.457516,4,9.090909,9,10.843373,9,31,7,13,3,8,10,45,44,134
BD149,Bacillus stratosphericus,BD149 - Bacillus stratosphericus,True,True,True,False,,True,Group 18,1923,76.26,86.47,54.27,90.536667,81.365,72.403333,76.884167,0,41,69.491525,51,33.333333,23,52.272727,33,39.759036,9,66,40,39,5,25,12,131,130,469
BD151,Bacillus,BD151 - Bacillus,True,True,True,False,,False,,1795,76.703333,80.173333,74.23,59.956667,78.438333,67.093333,72.765833,0,25,42.372881,45,29.411765,23,52.272727,35,42.168675,9,70,40,35,5,21,14,108,107,393
BD152,Bacillus,BD152 - Bacillus,True,True,True,False,,False,,1795,77.563333,80.173333,74.23,59.956667,78.868333,67.093333,72.980833,0,25,42.372881,45,29.411765,23,52.272727,35,42.168675,9,70,40,35,5,21,14,108,107,393
BD158,Salinicola,BD158 - Salinicola,True,True,True,True,Metal_Group_1,False,,2174,51.666667,82.183333,38.897667,78.176667,66.925,58.537167,62.731083,0,30,50.847458,58,37.908497,21,47.727273,31,37.349398,9,75,61,47,5,53,18,108,107,372
BD160,Bacillus stratosphericus,BD160 - Bacillus stratosphericus,True,True,True,True,Metal_Group_4,True,Group 18,1923,78.01,80.016667,63.303333,87.873333,79.013333,75.588333,77.300833,0,41,69.491525,51,33.333333,23,52.272727,33,39.759036,9,66,40,39,5,25,12,131,130,469
BD161,Rossellomorea,BD161 - Rossellomorea,True,True,True,False,,False,,1883,20.96,44.37,27.54,67.603333,32.665,47.571667,40.118333,2,38,64.40678,50,32.679739,28,63.636364,34,40.963855,9,69,40,34,5,23,13,134,133,492
BD162,Bacillus safensis,BD162 - Bacillus safensis,True,True,True,True,Metal_Group_4,False,,2063,54.783333,72.203333,72.53,76.45,63.493333,74.49,68.991667,0,30,50.847458,53,34.640523,26,59.090909,34,40.963855,9,74,54,43,5,30,15,129,128,475
BD163,Bacillus megaterium,BD163 - Bacillus megaterium,True,True,True,True,Metal_Group_12,True,Group 25,2132,61.455,66.646667,50.49,76.373333,64.050833,63.431667,63.74125,1,43,72.881356,64,41.830065,27,61.363636,34,40.963855,9,79,42,40,5,38,15,144,143,529
BD165,Bacillus paralicheniformis,BD165 - Bacillus paralicheniformis,True,True,True,False,,False,,2098,56.893333,44.526667,74.143333,57.463333,50.71,65.803333,58.256667,0,31,52.542373,52,33.986928,28,63.636364,40,48.192771,9,74,56,40,5,32,14,133,132,484
BD166,Bacillus megaterium,BD166 - Bacillus megaterium,True,True,True,False,,False,,2081,42.966667,77.913333,73.583333,76.11,60.44,74.846667,67.643333,0,43,72.881356,64,41.830065,27,61.363636,34,40.963855,9,76,38,39,5,37,15,143,142,527
BD2,Staphylococcus,BD2 - Staphylococcus,True,True,True,False,,False,,1327,27.15,29.476667,11.99,,28.313333,11.99,22.872222,3,21,35.59322,35,22.875817,18,40.909091,22,26.506024,9,55,24,35,5,13,12,91,90,341
BD48,Bacillus safensis,BD48 - Bacillus safensis,True,True,True,True,Metal_Group_1,True,Group 1,1857,45.44,54.363333,49.73,17.013333,49.901667,33.371667,41.636667,0,34,57.627119,60,39.215686,28,63.636364,29,34.939759,9,73,95,55,5,69,17,127,126,449
BD5,Dermacoccus nishinomiyaensis,BD5 - Dermacoccus nishinomiyaensis,True,True,True,False,,False,,1352,58.793333,75.416667,44.526667,50.013333,67.105,47.27,57.1875,0,26,44.067797,38,24.836601,17,38.636364,18,21.686747,9,64,33,42,5,22,13,88,87,287
BD50,Bacillus safensis,BD50 - Bacillus safensis,True,True,True,True,Metal_Group_4,False,,1932,70.656667,81.996667,70.71,70.573333,76.326667,70.641667,73.484167,0,41,69.491525,48,31.372549,23,52.272727,33,39.759036,9,67,39,37,5,23,12,132,131,470
BD54,Acinetobacter,BD54 - Acinetobacter,True,True,True,True,Metal_Group_1,True,Group 1,1860,77.523333,86.926667,79.846667,59.536667,82.225,69.691667,75.958333,0,34,57.627119,60,39.215686,28,63.636364,29,34.939759,9,73,95,55,5,69,17,127,126,449
BD61,Ochrobactrum,BD61 - Ochrobactrum,True,True,True,True,Metal_Group_4,True,Group 2,1987,76.786667,86.403333,72.083333,47.186667,81.595,59.635,70.615,0,31,52.542373,59,38.562092,29,65.909091,34,40.963855,9,75,55,46,5,43,18,128,127,454
BD67,Ochrobactrum,BD67 - Ochrobactrum,True,True,True,False,,True,Group 10,1903,50.653333,62.346667,36.97,41.756667,56.5,39.363333,47.931667,2,33,55.932203,52,33.986928,28,63.636364,33,39.759036,9,73,36,35,5,23,15,121,120,432
BD69,Citrobacter,BD69 - Citrobacter,True,True,True,False,,True,Group 11,3073,69.57,76.846667,63.95,39.773333,73.208333,51.861667,62.535,1,30,50.847458,64,41.830065,33,75.0,44,53.012048,9,81,78,46,5,60,18,129,128,459
BD72,Bacillus tropicus,BD72 - Bacillus tropicus,True,True,True,False,,False,,1952,64.84,81.116667,54.756667,62.616667,72.978333,58.686667,65.8325,0,33,55.932203,58,37.908497,28,63.636364,38,45.783133,9,80,45,40,5,32,13,132,131,490
BD73,Bacillus tropicus,BD73 - Bacillus tropicus,True,True,True,False,,False,,1952,71.61,81.536667,49.523333,57.81,76.573333,53.666667,65.12,0,33,55.932203,58,37.908497,28,63.636364,38,45.783133,9,80,45,40,5,32,13,132,131,490
BD77,Stutzerimonas balearica,BD77 - Stutzerimonas balearica,True,True,True,False,,False,,2193,61.82,71.586667,49.9,49.853333,66.703333,49.876667,58.29,1,33,55.932203,51,33.333333,28,63.636364,45,54.216867,9,69,84,49,5,68,18,125,124,453
BD78,Bacillus,BD78 - Bacillus,True,False,False,False,,False,,0,60.91,73.66,53.943333,40.413333,67.285,47.178333,57.231667,0,0,0.0,0,0.0,0,0.0,0,0.0,0,0,0,0,0,0,0,0,0,0
BD8,Rothia,BD8 - Rothia,True,True,True,False,,False,,1190,70.34,78.77,72.083333,57.716667,74.555,64.9,69.7275,0,27,45.762712,39,25.490196,17,38.636364,19,22.891566,9,59,29,28,5,27,14,105,104,348
BD81,Bacillus,BD81 - Bacillus,True,True,True,False,,False,,2145,66.893333,73.59,67.485,41.333333,70.241667,54.409167,62.325417,1,39,66.101695,53,34.640523,27,61.363636,40,48.192771,9,78,56,43,5,31,15,141,140,524
BD83,Bacillus,BD83 - Bacillus,True,True,True,False,,False,,2197,41.183333,57.153333,31.846667,16.11,49.168333,23.978333,36.573333,1,33,55.932203,51,33.333333,28,63.636364,45,54.216867,9,69,84,49,5,68,18,125,124,453
BD9,Bacillus amyloliquefaciens,BD9 - Bacillus amyloliquefaciens,True,True,True,True,Metal_Group_4,False,,2054,50.37,72.896667,44.65,51.883333,61.633333,48.266667,54.95,1,30,50.847458,53,34.640523,26,59.090909,34,40.963855,9,74,54,43,5,30,15,129,128,475
BD95,Stutzerimonas frequens,BD95 - Stutzerimonas frequens,True,True,True,False,,False,,2199,23.89,49.503333,45.26,,36.696667,45.26,39.551111,6,33,55.932203,51,33.333333,28,63.636364,45,54.216867,9,69,84,49,5,68,18,125,124,453
BD96,Stutzerimonas frequens,BD96 - Stutzerimonas frequens,True,True,True,False,,False,,2199,30.253333,51.876667,39.035,,41.065,39.035,40.388333,4,33,55.932203,51,33.333333,28,63.636364,45,54.216867,9,69,84,49,5,68,18,125,124,453
BG1,Bacillus amyloliquefaciens,BG1 - Bacillus amyloliquefaciens,True,True,True,True,Metal_Group_4,False,,2061,69.57,85.556667,80.03,70.803333,77.563333,75.416667,76.49,0,30,50.847458,53,34.640523,26,59.090909,34,40.963855,9,74,54,43,5,30,15,129,128,475
CB13,Enterobacter,CB13 - Enterobacter,True,True,True,False,,True,Group 26,2887,72.463333,80.7,58.42,53.78,76.581667,56.1,66.340833,0,28,47.457627,59,38.562092,24,54.545455,46,55.421687,9,76,66,48,5,45,16,112,111,386
E7,Acinetobacter,E7 - Acinetobacter,True,True,True,True,Metal_Group_1,True,Group 1,1858,79.746667,86.066667,68.486667,45.056667,82.906667,56.771667,69.839167,0,34,57.627119,60,39.215686,28,63.636364,29,34.939759,9,73,95,55,5,69,17,127,126,449
